time,pm2_5,pm10,nitrogen_dioxide,temperature_2m,relative_humidity_2m,wind_speed_10m,wind_direction_10m,surface_pressure,precipitation,country,city,latitude,longitude,pm25_lag_1,pm25_lag_3,pm25_lag_6,pm25_rolling_mean_6h,pm25_rolling_std_6h,no2_change,hour,day_of_week,target_pm25_6h
2026-08-01 06:00:00,27.5,27.8,34.2,14.1,95,6.3,63,935.7,0.0,Brazil,Sao Paulo,-23.5505,-46.6333,27.4,26.4,20.5,24.75,2.952795285826634,-5.299999999999997,6,5,12.2
2026-08-01 07:00:00,27.1,27.5,31.5,13.7,96,5.9,55,934.8,0.0,Brazil,Sao Paulo,-23.5505,-46.6333,27.5,27.4,21.8,25.916666666666668,2.232860646495132,-2.700000000000003,7,5,11.4
2026-08-01 08:00:00,26.2,26.5,30.1,13.4,95,5.6,57,934.6,0.0,Brazil,Sao Paulo,-23.5505,-46.6333,27.1,27.4,25.0,26.799999999999997,0.9695359714832612,-1.3999999999999986,8,5,11.7
2026-08-01 09:00:00,25.6,25.8,28.5,13.3,89,5.3,38,934.8,0.0,Brazil,Sao Paulo,-23.5505,-46.6333,26.2,27.5,26.4,27.0,0.5621387729021999,-1.6000000000000014,9,5,11.6
2026-08-01 10:00:00,27.3,27.5,26.8,13.2,84,5.5,38,935.1,0.0,Brazil,Sao Paulo,-23.5505,-46.6333,25.6,27.1,27.4,26.86666666666667,0.7840068026915691,-1.6999999999999993,10,5,11.3
2026-08-01 11:00:00,27.0,27.3,24.9,14.1,77,4.2,54,935.9,0.0,Brazil,Sao Paulo,-23.5505,-46.6333,27.3,26.2,27.4,26.849999999999998,0.7713624310270696,-1.9000000000000021,11,5,10.9
2026-08-01 12:00:00,12.2,12.7,17.8,16.4,71,4.5,67,937.2,0.0,Brazil,Sao Paulo,-23.5505,-46.6333,27.0,25.6,27.5,26.78333333333333,0.7305249254246277,-7.099999999999998,12,5,10.8
2026-08-01 13:00:00,11.4,12.1,14.0,19.5,60,5.1,51,937.6,0.0,Brazil,Sao Paulo,-23.5505,-46.6333,12.2,27.3,27.1,24.233333333333334,5.929811688971807,-3.8000000000000007,13,5,11.0
2026-08-01 14:00:00,11.7,12.4,8.7,22.2,50,5.2,31,937.6,0.0,Brazil,Sao Paulo,-23.5505,-46.6333,11.4,27.0,26.2,21.61666666666667,7.631622806891511,-5.300000000000001,14,5,13.3
2026-08-01 15:00:00,11.6,12.2,4.8,24.6,39,6.8,12,937.3,0.0,Brazil,Sao Paulo,-23.5505,-46.6333,11.7,12.2,25.6,19.2,8.167006795638168,-3.8999999999999995,15,5,22.5
2026-08-01 16:00:00,11.3,11.9,2.2,25.9,33,6.9,355,936.3,0.0,Brazil,Sao Paulo,-23.5505,-46.6333,11.6,11.4,27.3,16.866666666666664,7.9703617651061895,-2.5999999999999996,16,5,33.8
2026-08-01 17:00:00,10.9,11.5,1.0,26.6,32,7.2,335,935.7,0.0,Brazil,Sao Paulo,-23.5505,-46.6333,11.3,11.7,27.0,14.199999999999998,6.278534860936902,-1.2000000000000002,17,5,44.4
2026-08-01 18:00:00,10.8,11.4,4.6,26.6,32,8.5,328,935.4,0.0,Brazil,Sao Paulo,-23.5505,-46.6333,10.9,11.6,12.2,11.516666666666666,0.4355073669487129,3.5999999999999996,18,5,27.3
2026-08-01 19:00:00,11.0,11.6,15.6,25.7,32,9.5,331,934.8,0.0,Brazil,Sao Paulo,-23.5505,-46.6333,10.8,11.3,11.4,11.283333333333333,0.36560452221847406,11.0,19,5,24.8
2026-08-01 20:00:00,13.3,13.9,31.3,24.6,35,10.4,334,934.7,0.0,Brazil,Sao Paulo,-23.5505,-46.6333,11.0,10.9,11.7,11.216666666666667,0.37638632635444946,15.700000000000001,20,5,21.5
2026-08-01 21:00:00,22.5,23.1,47.1,22.6,45,9.4,349,934.3,0.0,Brazil,Sao Paulo,-23.5505,-46.6333,13.3,10.8,11.6,11.483333333333334,0.9368386556214473,15.8,21,5,18.3
2026-08-01 22:00:00,33.8,34.5,63.8,21.8,50,9.0,358,934.1,0.0,Brazil,Sao Paulo,-23.5505,-46.6333,22.5,11.0,11.3,13.300000000000002,4.603042472104722,16.699999999999996,22,5,14.2
2026-08-01 23:00:00,44.4,45.2,80.7,20.9,55,8.4,19,934.1,0.0,Brazil,Sao Paulo,-23.5505,-46.6333,33.8,13.3,10.9,17.049999999999997,9.357510352652566,16.900000000000006,23,5,10.1
2026-08-02 00:00:00,27.3,27.5,65.4,20.4,59,6.7,14,934.1,0.0,Brazil,Sao Paulo,-23.5505,-46.6333,44.4,22.5,10.8,22.633333333333336,13.863429109230754,-15.299999999999997,0,6,7.7
2026-08-02 01:00:00,24.8,25.1,58.2,19.2,64,7.3,351,934.1,0.0,Brazil,Sao Paulo,-23.5505,-46.6333,27.3,33.8,11.0,25.383333333333336,12.628129975046448,-7.200000000000003,1,6,6.4
2026-08-02 02:00:00,21.5,21.8,48.0,18.4,66,7.8,352,934.1,0.0,Brazil,Sao Paulo,-23.5505,-46.6333,24.8,44.4,13.3,27.683333333333334,10.57419815714963,-10.200000000000003,2,6,5.9
2026-08-02 03:00:00,18.3,18.6,38.4,17.7,68,8.7,356,933.8,0.0,Brazil,Sao Paulo,-23.5505,-46.6333,21.5,27.3,22.5,29.049999999999997,8.70878866433214,-9.600000000000001,3,6,6.1
2026-08-02 04:00:00,14.2,14.4,30.1,17.2,68,8.7,352,933.2,0.0,Brazil,Sao Paulo,-23.5505,-46.6333,18.3,24.8,33.8,28.349999999999998,9.475600244839372,-8.299999999999997,4,6,8.0
2026-08-02 05:00:00,10.1,10.3,22.3,17.0,64,9.1,343,932.9,0.0,Brazil,Sao Paulo,-23.5505,-46.6333,14.2,21.5,44.4,25.083333333333332,10.53971852881597,-7.800000000000001,5,6,10.0
2026-08-02 06:00:00,7.7,7.8,16.7,16.8,64,9.7,345,933.1,0.0,Brazil,Sao Paulo,-23.5505,-46.6333,10.1,18.3,27.3,19.366666666666667,6.491738339356159,-5.600000000000001,6,6,8.9
2026-08-02 07:00:00,6.4,6.5,14.5,16.3,67,9.3,335,932.6,0.0,Brazil,Sao Paulo,-23.5505,-46.6333,7.7,14.2,24.8,16.1,6.631138665417878,-2.1999999999999993,7,6,8.3
2026-08-02 08:00:00,5.9,6.0,14.5,15.9,69,9.9,341,932.4,0.0,Brazil,Sao Paulo,-23.5505,-46.6333,6.4,10.1,21.5,13.033333333333333,6.030478145774733,0.0,8,6,7.7
2026-08-02 09:00:00,6.1,6.2,14.5,15.6,70,8.5,343,932.6,0.0,Brazil,Sao Paulo,-23.5505,-46.6333,5.9,7.7,18.3,10.433333333333334,4.908631852835032,0.0,9,6,7.8
2026-08-02 10:00:00,8.0,8.2,14.2,15.0,73,6.9,354,933.0,0.0,Brazil,Sao Paulo,-23.5505,-46.6333,6.1,6.4,14.2,8.4,3.242221460665514,-0.3000000000000007,10,6,8.2
2026-08-02 11:00:00,10.0,10.1,14.0,16.7,68,5.2,2,933.9,0.0,Brazil,Sao Paulo,-23.5505,-46.6333,8.0,5.9,10.1,7.366666666666667,1.5920636503188854,-0.1999999999999993,11,6,9.1
2026-08-02 12:00:00,8.9,9.1,12.5,19.5,59,5.0,15,935.8,0.0,Brazil,Sao Paulo,-23.5505,-46.6333,10.0,6.1,7.7,7.349999999999999,1.5578831791890009,-1.5,12,6,10.2
2026-08-02 13:00:00,8.3,8.3,9.9,22.4,48,8.1,356,936.4,0.0,Brazil,Sao Paulo,-23.5505,-46.6333,8.9,8.0,6.4,7.550000000000001,1.6837458240482817,-2.5999999999999996,13,6,11.8
2026-08-02 14:00:00,7.7,7.8,6.4,24.3,40,10.3,344,936.1,0.0,Brazil,Sao Paulo,-23.5505,-46.6333,8.3,10.0,5.9,7.866666666666666,1.600833116432407,-3.5,14,6,15.2
2026-08-02 15:00:00,7.8,7.8,3.9,25.5,37,8.8,325,935.7,0.0,Brazil,Sao Paulo,-23.5505,-46.6333,7.7,8.9,6.1,8.166666666666666,1.2987173159185532,-2.5000000000000004,15,6,20.5
2026-08-02 16:00:00,8.2,8.3,2.6,26.3,36,6.6,303,934.9,0.0,Brazil,Sao Paulo,-23.5505,-46.6333,7.8,8.3,8.0,8.45,0.8734987120769108,-1.2999999999999998,16,6,24.5
2026-08-02 17:00:00,9.1,9.2,2.2,27.0,34,4.5,299,934.4,0.0,Brazil,Sao Paulo,-23.5505,-46.6333,8.2,7.7,10.0,8.483333333333333,0.8565434412023062,-0.3999999999999999,17,6,28.6
2026-08-02 18:00:00,10.2,10.3,4.1,27.2,32,3.1,291,934.4,0.0,Brazil,Sao Paulo,-23.5505,-46.6333,9.1,7.8,8.9,8.333333333333334,0.5680375574437746,1.8999999999999995,18,6,31.1
2026-08-02 19:00:00,11.8,11.9,10.0,27.2,32,2.7,302,934.3,0.0,Brazil,Sao Paulo,-23.5505,-46.6333,10.2,8.2,8.3,8.549999999999999,0.9481561052906958,5.9,19,6,40.3
2026-08-02 20:00:00,15.2,15.3,18.3,26.8,32,2.8,305,934.2,0.0,Brazil,Sao Paulo,-23.5505,-46.6333,11.8,9.1,7.7,9.133333333333333,1.6095548038717675,8.3,20,6,47.0
2026-08-02 21:00:00,20.5,20.6,24.9,25.0,37,7.0,162,934.2,0.0,Brazil,Sao Paulo,-23.5505,-46.6333,15.2,10.2,7.8,10.383333333333333,2.768694036304242,6.599999999999998,21,6,51.0
2026-08-02 22:00:00,24.5,24.5,27.9,22.8,51,8.5,145,934.9,0.0,Brazil,Sao Paulo,-23.5505,-46.6333,20.5,11.8,8.2,12.5,4.62860670180563,3.0,22,6,53.6
2026-08-02 23:00:00,28.6,28.6,29.3,21.5,54,5.9,142,935.2,0.0,Brazil,Sao Paulo,-23.5505,-46.6333,24.5,15.2,9.1,15.216666666666667,6.137561948091981,1.4000000000000021,23,6,55.2
2026-08-03 00:00:00,31.1,31.2,36.0,20.2,59,4.0,100,935.7,0.0,Brazil,Sao Paulo,-23.5505,-46.6333,28.6,20.5,10.2,18.46666666666667,7.30305871992459,6.699999999999999,0,0,54.5
2026-08-03 01:00:00,40.3,40.3,39.1,19.5,61,4.7,140,936.0,0.0,Brazil,Sao Paulo,-23.5505,-46.6333,31.1,24.5,11.8,21.95,7.551622342252021,3.1000000000000014,1,0,52.3
2026-08-03 02:00:00,47.0,47.1,43.3,18.7,64,4.1,128,935.7,0.0,Brazil,Sao Paulo,-23.5505,-46.6333,40.3,28.6,15.2,26.7,8.7573968735007,4.199999999999996,2,0,48.4
2026-08-03 03:00:00,51.0,51.0,45.5,18.0,67,5.1,117,935.6,0.0,Brazil,Sao Paulo,-23.5505,-46.6333,47.0,31.1,20.5,32.0,9.947461987864026,2.200000000000003,3,0,46.6
2026-08-03 04:00:00,53.6,53.6,43.7,17.2,71,4.6,103,935.3,0.0,Brazil,Sao Paulo,-23.5505,-46.6333,51.0,40.3,24.5,37.083333333333336,10.66272322939437,-1.7999999999999972,4,0,50.4
2026-08-03 05:00:00,55.2,55.3,40.0,16.4,75,5.6,84,934.3,0.0,Brazil,Sao Paulo,-23.5505,-46.6333,53.6,47.0,28.6,41.93333333333334,10.409546900161708,-3.700000000000003,5,0,52.4
2026-08-03 06:00:00,54.5,54.6,37.4,15.8,79,3.9,66,934.5,0.0,Brazil,Sao Paulo,-23.5505,-46.6333,55.2,51.0,31.1,46.36666666666667,9.187963140254004,-2.6000000000000014,6,0,37.1
2026-08-03 07:00:00,52.3,52.3,36.9,15.2,82,5.8,70,933.7,0.0,Brazil,Sao Paulo,-23.5505,-46.6333,54.5,53.6,40.3,50.26666666666667,5.72561495969352,-0.5,7,0,28.0
2026-08-03 08:00:00,48.4,48.4,37.6,14.8,82,7.1,74,933.3,0.0,Brazil,Sao Paulo,-23.5505,-46.6333,52.3,55.2,47.0,52.26666666666666,2.9904291776710283,0.7000000000000028,8,0,19.8
2026-08-03 09:00:00,46.6,46.7,39.6,14.7,79,7.9,69,933.2,0.0,Brazil,Sao Paulo,-23.5505,-46.6333,48.4,54.5,51.0,52.5,2.513961017995219,2.0,9,0,17.1
2026-08-03 10:00:00,50.4,50.5,45.2,14.8,76,8.4,71,933.7,0.0,Brazil,Sao Paulo,-23.5505,-46.6333,46.6,52.3,53.6,51.76666666666666,3.4909406564228815,5.600000000000001,10,0,17.2
2026-08-03 11:00:00,52.4,52.6,52.1,16.5,67,7.2,72,934.5,0.0,Brazil,Sao Paulo,-23.5505,-46.6333,50.4,48.4,55.2,51.23333333333334,3.398038649966509,6.899999999999999,11,0,17.8
2026-08-03 12:00:00,37.1,37.8,53.0,18.5,62,4.0,72,936.0,0.0,Brazil,Sao Paulo,-23.5505,-46.6333,52.4,46.6,54.5,50.76666666666667,2.900114940250853,0.8999999999999986,12,0,18.3
2026-08-03 13:00:00,28.0,28.5,40.8,21.2,52,2.8,79,936.9,0.0,Brazil,Sao Paulo,-23.5505,-46.6333,37.1,50.4,52.3,47.86666666666667,5.734689762024287,-12.200000000000003,13,0,18.8
2026-08-03 14:00:00,19.8,19.9,24.0,23.8,41,1.3,98,936.9,0.0,Brazil,Sao Paulo,-23.5505,-46.6333,28.0,52.4,48.4,43.81666666666666,9.392000141964761,-16.799999999999997,14,0,21.1
2026-08-03 15:00:00,17.1,17.2,11.5,25.0,32,0.4,117,936.3,0.0,Brazil,Sao Paulo,-23.5505,-46.6333,19.8,37.1,46.6,39.050000000000004,13.118803299081792,-12.5,15,0,27.0
2026-08-03 16:00:00,17.2,17.3,6.1,25.9,28,0.9,360,935.6,0.0,Brazil,Sao Paulo,-23.5505,-46.6333,17.1,28.0,50.4,34.13333333333333,15.101478956270006,-5.4,16,0,32.8
2026-08-03 17:00:00,17.8,17.9,5.0,25.9,28,3.3,324,934.7,0.0,Brazil,Sao Paulo,-23.5505,-46.6333,17.2,19.8,52.4,28.599999999999998,13.990711204223999,-1.0999999999999996,17,0,39.7
2026-08-03 18:00:00,18.3,18.5,8.8,25.9,28,5.4,323,934.3,0.0,Brazil,Sao Paulo,-23.5505,-46.6333,17.8,17.1,37.1,22.833333333333332,8.116321005644453,3.8000000000000007,18,0,49.5
2026-08-03 19:00:00,18.8,19.0,20.2,25.9,27,6.4,320,933.9,0.0,Brazil,Sao Paulo,-23.5505,-46.6333,18.3,17.2,28.0,19.7,4.182822013903841,11.399999999999999,19,0,54.9
2026-08-03 20:00:00,21.1,21.4,36.6,25.3,27,6.5,316,933.8,0.0,Brazil,Sao Paulo,-23.5505,-46.6333,18.8,17.8,19.8,18.166666666666668,1.0289152864377094,16.400000000000002,20,0,60.3
2026-08-03 21:00:00,27.0,27.4,50.7,23.8,36,1.7,347,933.6,0.0,Brazil,Sao Paulo,-23.5505,-46.6333,21.1,18.3,17.1,18.383333333333336,1.4797522315121558,14.100000000000001,21,0,65.0
2026-08-03 22:00:00,32.8,33.5,59.4,22.3,38,7.0,116,933.6,0.0,Brazil,Sao Paulo,-23.5505,-46.6333,27.0,18.8,17.2,20.033333333333335,3.6664242344094977,8.699999999999996,22,0,68.0
2026-08-03 23:00:00,39.7,40.5,65.9,20.5,60,3.8,149,934.0,0.0,Brazil,Sao Paulo,-23.5505,-46.6333,32.8,21.1,17.8,22.633333333333336,6.026828906370693,6.500000000000007,23,0,69.8
2026-08-04 00:00:00,49.5,50.3,81.7,19.6,73,3.8,191,934.7,0.0,Brazil,Sao Paulo,-23.5505,-46.6333,39.7,27.0,18.3,26.28333333333333,8.597538407396943,15.799999999999997,0,1,70.1
2026-08-04 01:00:00,54.9,55.6,85.8,18.7,80,1.9,139,934.9,0.0,Brazil,Sao Paulo,-23.5505,-46.6333,49.5,32.8,18.8,31.48333333333333,11.68441982584783,4.099999999999994,1,1,69.8
2026-08-04 02:00:00,60.3,60.8,91.4,18.3,81,3.0,65,934.5,0.0,Brazil,Sao Paulo,-23.5505,-46.6333,54.9,39.7,21.1,37.5,13.0606278562709,5.6000000000000085,2,1,68.5
2026-08-04 03:00:00,65.0,65.4,94.7,17.9,83,5.6,69,934.4,0.0,Brazil,Sao Paulo,-23.5505,-46.6333,60.3,49.5,27.0,44.03333333333333,13.020547863537328,3.299999999999997,3,1,66.8
2026-08-04 04:00:00,68.0,68.7,93.6,17.2,86,5.4,40,933.9,0.0,Brazil,Sao Paulo,-23.5505,-46.6333,65.0,54.9,32.8,50.366666666666674,12.30018970043417,-1.1000000000000085,4,1,67.8
2026-08-04 05:00:00,69.8,70.5,90.2,16.6,87,5.8,68,933.2,0.0,Brazil,Sao Paulo,-23.5505,-46.6333,68.0,60.3,39.7,56.23333333333333,10.510122105221576,-3.3999999999999915,5,1,67.5
2026-08-04 06:00:00,70.1,70.8,87.0,16.0,86,6.1,62,933.1,0.0,Brazil,Sao Paulo,-23.5505,-46.6333,69.8,65.0,49.5,61.25,7.899556949601725,-3.200000000000003,6,1,39.3
2026-08-04 07:00:00,69.8,70.5,84.3,15.4,86,7.3,65,932.3,0.0,Brazil,Sao Paulo,-23.5505,-46.6333,70.1,68.0,54.9,64.68333333333334,6.0257502990638265,-2.700000000000003,7,1,20.6
2026-08-04 08:00:00,68.5,69.4,81.7,14.8,88,6.5,62,931.9,0.0,Brazil,Sao Paulo,-23.5505,-46.6333,69.8,69.8,60.3,67.16666666666667,3.8733275960945943,-2.5999999999999943,8,1,14.5
2026-08-04 09:00:00,66.8,68.0,80.8,14.5,87,4.1,52,932.0,0.0,Brazil,Sao Paulo,-23.5505,-46.6333,68.5,70.1,65.0,68.53333333333335,1.920069443188967,-0.9000000000000057,9,1,10.6
2026-08-04 10:00:00,67.8,68.9,85.8,14.6,85,4.5,50,932.2,0.0,Brazil,Sao Paulo,-23.5505,-46.6333,66.8,69.8,68.0,68.83333333333333,1.2971764207955687,5.0,10,1,7.5
2026-08-04 11:00:00,67.5,68.9,92.6,16.3,74,4.2,59,933.0,0.0,Brazil,Sao Paulo,-23.5505,-46.6333,67.8,68.5,69.8,68.8,1.3251415018786998,6.799999999999997,11,1,6.4
2026-08-04 12:00:00,39.3,39.9,67.7,19.0,61,3.0,73,934.7,0.0,Brazil,Sao Paulo,-23.5505,-46.6333,67.5,66.8,70.1,68.41666666666667,1.3105978279655397,-24.89999999999999,12,1,6.3
2026-08-04 13:00:00,20.6,20.7,51.9,22.0,50,3.0,33,935.5,0.0,Brazil,Sao Paulo,-23.5505,-46.6333,39.3,67.8,69.8,63.28333333333333,11.79345863886705,-15.800000000000004,13,1,6.4
2026-08-04 14:00:00,14.5,14.5,30.0,24.0,40,6.9,355,935.3,0.0,Brazil,Sao Paulo,-23.5505,-46.6333,20.6,67.5,68.5,55.08333333333332,20.353812091759803,-21.9,14,1,9.8
2026-08-04 15:00:00,10.6,10.7,13.6,24.6,37,10.0,340,935.0,0.0,Brazil,Sao Paulo,-23.5505,-46.6333,14.5,39.3,66.8,46.083333333333336,24.707846257144052,-16.4,15,1,19.3
2026-08-04 16:00:00,7.5,7.7,6.1,25.0,38,9.7,333,934.2,0.0,Brazil,Sao Paulo,-23.5505,-46.6333,10.6,20.6,67.8,36.71666666666667,25.907019640758893,-7.5,16,1,29.9
2026-08-04 17:00:00,6.4,6.7,4.0,25.8,35,9.2,320,933.4,0.0,Brazil,Sao Paulo,-23.5505,-46.6333,7.5,14.5,67.5,26.666666666666668,22.96646831070608,-2.0999999999999996,17,1,39.1
2026-08-04 18:00:00,6.3,6.9,8.6,25.8,34,7.9,297,932.9,0.0,Brazil,Sao Paulo,-23.5505,-46.6333,6.4,10.6,39.3,16.483333333333334,12.316398283047947,4.6,18,1,53.0
2026-08-04 19:00:00,6.4,7.3,24.0,25.6,33,7.6,288,932.7,0.0,Brazil,Sao Paulo,-23.5505,-46.6333,6.3,7.5,20.6,10.983333333333334,5.658062094628008,15.4,19,1,57.5
2026-08-04 20:00:00,9.8,10.6,46.2,24.7,37,6.7,290,932.4,0.0,Brazil,Sao Paulo,-23.5505,-46.6333,6.4,6.4,14.5,8.616666666666667,3.316273008463899,22.200000000000003,20,1,58.7
2026-08-04 21:00:00,19.3,20.3,63.5,23.4,48,4.1,293,932.4,0.0,Brazil,Sao Paulo,-23.5505,-46.6333,9.8,6.3,10.6,7.833333333333333,1.9022793345526772,17.299999999999997,21,1,53.9
2026-08-04 22:00:00,29.9,31.0,71.3,22.8,54,2.4,318,932.5,0.0,Brazil,Sao Paulo,-23.5505,-46.6333,19.3,6.4,7.5,9.283333333333333,5.085436723297836,7.799999999999997,22,1,46.2
2026-08-04 23:00:00,39.1,40.3,74.4,21.7,60,3.4,43,932.6,0.0,Brazil,Sao Paulo,-23.5505,-46.6333,29.9,9.8,6.4,13.016666666666666,9.67003964142166,3.1000000000000085,23,1,39.3
2026-08-05 00:00:00,53.0,54.4,91.3,21.2,53,3.4,47,933.1,0.0,Brazil,Sao Paulo,-23.5505,-46.6333,39.1,19.3,6.3,18.466666666666665,13.608036841024004,16.89999999999999,0,2,33.1
2026-08-05 01:00:00,57.5,58.9,89.7,20.4,59,3.8,25,933.0,0.0,Brazil,Sao Paulo,-23.5505,-46.6333,53.0,29.9,6.4,26.25,17.92726973077608,-1.5999999999999943,1,2,27.5
2026-08-05 02:00:00,58.7,60.1,87.3,19.8,64,3.5,12,932.9,0.0,Brazil,Sao Paulo,-23.5505,-46.6333,57.5,39.1,9.8,34.766666666666666,18.731114933891874,-2.4000000000000057,2,2,23.4
2026-08-05 03:00:00,53.9,55.1,83.8,19.1,66,4.4,353,932.8,0.0,Brazil,Sao Paulo,-23.5505,-46.6333,58.7,53.0,19.3,42.916666666666664,16.156783920900452,-3.5,3,2,21.1
2026-08-05 04:00:00,46.2,47.4,78.5,18.4,66,4.9,360,932.3,0.0,Brazil,Sao Paulo,-23.5505,-46.6333,53.9,57.5,29.9,48.68333333333334,11.563462572545802,-5.299999999999997,4,2,22.9
2026-08-05 05:00:00,39.3,40.4,72.0,17.5,67,4.7,16,931.4,0.0,Brazil,Sao Paulo,-23.5505,-46.6333,46.2,58.7,39.1,51.400000000000006,7.451711212869227,-6.5,5,2,27.2
2026-08-05 06:00:00,33.1,34.0,65.9,17.7,63,5.1,356,931.5,0.0,Brazil,Sao Paulo,-23.5505,-46.6333,39.3,53.9,53.0,51.43333333333334,7.385842312605086,-6.099999999999994,6,2,13.4
2026-08-05 07:00:00,27.5,28.3,60.9,17.3,66,3.8,3,930.8,0.0,Brazil,Sao Paulo,-23.5505,-46.6333,33.1,46.2,57.5,48.11666666666667,10.396233292239433,-5.000000000000007,7,2,9.2
2026-08-05 08:00:00,23.4,24.3,56.4,16.6,69,1.8,24,930.5,0.0,Brazil,Sao Paulo,-23.5505,-46.6333,27.5,39.3,58.7,43.11666666666667,12.061578116758499,-4.5,8,2,7.3
2026-08-05 09:00:00,21.1,22.1,51.5,16.0,72,2.4,63,930.6,0.0,Brazil,Sao Paulo,-23.5505,-46.6333,23.4,33.1,53.9,37.233333333333334,11.538052984219972,-4.899999999999999,9,2,5.5
2026-08-05 10:00:00,22.9,23.9,46.5,15.4,77,4.6,72,930.8,0.0,Brazil,Sao Paulo,-23.5505,-46.6333,21.1,27.5,46.2,31.76666666666667,9.683318990236113,-5.0,10,2,4.6
2026-08-05 11:00:00,27.2,28.6,41.3,17.1,70,4.6,79,931.7,0.0,Brazil,Sao Paulo,-23.5505,-46.6333,22.9,23.4,39.3,27.88333333333333,7.051926450741473,-5.200000000000003,11,2,4.5
2026-08-05 12:00:00,13.4,14.0,29.3,20.1,57,3.0,65,933.4,0.0,Brazil,Sao Paulo,-23.5505,-46.6333,27.2,21.1,33.1,25.86666666666667,4.344498436720537,-11.999999999999996,12,2,4.9
2026-08-05 13:00:00,9.2,9.7,22.2,23.5,41,5.1,18,933.9,0.0,Brazil,Sao Paulo,-23.5505,-46.6333,13.4,22.9,27.5,22.583333333333332,5.15341310848132,-7.100000000000001,13,2,5.8
2026-08-05 14:00:00,7.3,7.7,12.5,25.7,33,9.9,355,933.5,0.0,Brazil,Sao Paulo,-23.5505,-46.6333,9.2,27.2,23.4,19.533333333333335,6.8104821170506735,-9.7,14,2,8.0
2026-08-05 15:00:00,5.5,6.0,5.4,26.6,33,13.1,333,932.7,0.0,Brazil,Sao Paulo,-23.5505,-46.6333,7.3,13.4,21.1,16.85,8.04257421476484,-7.1,15,2,15.9
2026-08-05 16:00:00,4.6,5.1,2.0,27.0,32,13.2,331,931.9,0.0,Brazil,Sao Paulo,-23.5505,-46.6333,5.5,9.2,22.9,14.25,8.872598266573341,-3.4000000000000004,16,2,25.9
2026-08-05 17:00:00,4.5,5.0,1.2,27.3,31,12.6,332,931.2,0.0,Brazil,Sao Paulo,-23.5505,-46.6333,4.6,7.3,27.2,11.200000000000001,8.439194274336872,-0.8,17,2,33.2
2026-08-05 18:00:00,4.9,5.5,5.6,27.9,29,11.6,330,930.9,0.0,Brazil,Sao Paulo,-23.5505,-46.6333,4.5,5.5,13.4,7.416666666666665,3.438265066376774,4.3999999999999995,18,2,52.5
2026-08-05 19:00:00,5.8,6.5,18.7,27.4,30,11.2,319,930.5,0.0,Brazil,Sao Paulo,-23.5505,-46.6333,4.9,4.6,9.2,6.0,1.8761663039294256,13.1,19,2,53.1
2026-08-05 20:00:00,8.0,8.8,37.0,25.6,34,13.2,317,930.6,0.0,Brazil,Sao Paulo,-23.5505,-46.6333,5.8,4.5,7.3,5.433333333333334,1.0462631918723246,18.3,20,2,37.5
2026-08-05 21:00:00,15.9,16.9,52.2,24.7,39,6.4,338,930.7,0.0,Brazil,Sao Paulo,-23.5505,-46.6333,8.0,4.9,5.5,5.55,1.3034569421351052,15.200000000000003,21,2,25.3
2026-08-05 22:00:00,25.9,26.8,61.9,23.7,45,2.1,255,930.6,0.0,Brazil,Sao Paulo,-23.5505,-46.6333,15.9,5.8,4.6,7.283333333333334,4.417880336390618,9.699999999999996,22,2,21.4
2026-08-05 23:00:00,33.2,34.5,68.5,22.8,50,1.7,148,930.6,0.0,Brazil,Sao Paulo,-23.5505,-46.6333,25.9,8.0,4.5,10.833333333333334,8.501215599352065,6.600000000000001,23,2,18.5
2026-08-06 00:00:00,52.5,53.6,85.7,22.2,53,8.3,72,930.8,0.0,Brazil,Sao Paulo,-23.5505,-46.6333,33.2,15.9,4.9,15.616666666666667,11.698105259684876,17.200000000000003,0,3,15.6
2026-08-06 01:00:00,53.1,54.1,79.8,20.8,61,6.7,36,930.4,0.0,Brazil,Sao Paulo,-23.5505,-46.6333,52.5,25.9,5.8,23.55,17.61893867405186,-5.900000000000006,1,3,12.3
2026-08-06 02:00:00,37.5,38.4,71.2,18.3,76,12.2,199,931.7,0.6,Brazil,Sao Paulo,-23.5505,-46.6333,53.1,33.2,8.0,31.433333333333337,18.640779668958782,-8.599999999999994,2,3,9.6
2026-08-06 03:00:00,25.3,26.3,62.7,17.8,80,2.0,5,930.9,0.1,Brazil,Sao Paulo,-23.5505,-46.6333,37.5,52.5,15.9,36.35,14.697176599605804,-8.5,3,3,8.1
2026-08-06 04:00:00,21.4,22.1,54.8,17.4,83,6.7,2,930.1,0.0,Brazil,Sao Paulo,-23.5505,-46.6333,25.3,53.1,25.9,37.916666666666664,12.403292573613955,-7.900000000000006,4,3,9.2
2026-08-06 05:00:00,18.5,19.2,46.8,16.9,86,8.6,358,929.4,1.0,Brazil,Sao Paulo,-23.5505,-46.6333,21.4,37.5,33.2,37.166666666666664,13.373356596855821,-8.0,5,3,11.0
2026-08-06 06:00:00,15.6,16.4,39.3,17.1,90,6.9,353,929.2,0.5,Brazil,Sao Paulo,-23.5505,-46.6333,18.5,25.3,52.5,34.71666666666667,15.433264938653357,-7.5,6,3,11.2
2026-08-06 07:00:00,12.3,13.0,31.5,16.7,88,9.7,349,928.8,0.0,Brazil,Sao Paulo,-23.5505,-46.6333,15.6,21.4,53.1,28.566666666666666,14.235120886970607,-7.799999999999997,7,3,10.0
2026-08-06 08:00:00,9.6,10.1,24.2,16.5,87,10.7,353,927.9,0.0,Brazil,Sao Paulo,-23.5505,-46.6333,12.3,18.5,37.5,21.766666666666666,8.927186940277808,-7.300000000000001,8,3,7.3
2026-08-06 09:00:00,8.1,8.5,19.7,16.7,84,11.8,347,928.1,0.0,Brazil,Sao Paulo,-23.5505,-46.6333,9.6,15.6,25.3,17.116666666666664,5.817702868544124,-4.5,9,3,5.9
2026-08-06 10:00:00,9.2,9.5,20.7,16.8,82,10.1,333,929.1,0.0,Brazil,Sao Paulo,-23.5505,-46.6333,8.1,12.3,21.4,14.25,5.181795055769747,1.0,10,3,5.3
2026-08-06 11:00:00,11.0,11.4,24.5,18.0,78,8.0,335,929.8,0.0,Brazil,Sao Paulo,-23.5505,-46.6333,9.2,9.6,18.5,12.216666666666667,4.094589926557532,3.8000000000000007,11,3,4.8
2026-08-06 12:00:00,11.2,11.9,21.5,21.5,61,11.0,342,930.6,0.0,Brazil,Sao Paulo,-23.5505,-46.6333,11.0,8.1,15.6,10.966666666666667,2.7001234539676857,-3.0,12,3,4.9
2026-08-06 13:00:00,10.0,10.4,16.8,23.6,50,15.9,334,931.1,0.0,Brazil,Sao Paulo,-23.5505,-46.6333,11.2,9.2,12.3,10.233333333333333,1.5370968306083925,-4.699999999999999,13,3,5.5
2026-08-06 14:00:00,7.3,7.5,10.4,24.7,46,16.7,333,930.8,0.0,Brazil,Sao Paulo,-23.5505,-46.6333,10.0,11.0,9.6,9.85,1.158878768465316,-6.4,14,3,6.8
2026-08-06 15:00:00,5.9,6.0,5.8,25.6,43,15.0,320,930.1,0.0,Brazil,Sao Paulo,-23.5505,-46.6333,7.3,11.2,8.1,9.466666666666667,1.5667375870471554,-4.6000000000000005,15,3,9.1
2026-08-06 16:00:00,5.3,5.3,3.9,26.4,40,14.4,320,929.2,0.0,Brazil,Sao Paulo,-23.5505,-46.6333,5.9,10.0,9.2,9.1,2.112818023399002,-1.9,16,3,9.7
2026-08-06 17:00:00,4.8,4.8,3.7,26.8,38,14.6,330,928.3,0.0,Brazil,Sao Paulo,-23.5505,-46.6333,5.3,7.3,11.0,8.45,2.6159128425847165,-0.19999999999999973,17,3,8.8
2026-08-06 18:00:00,4.9,4.9,6.0,27.7,33,14.2,325,927.9,0.0,Brazil,Sao Paulo,-23.5505,-46.6333,4.8,5.9,11.2,7.416666666666667,2.6316661389063576,2.3,18,3,16.6
2026-08-06 19:00:00,5.5,5.6,12.8,27.1,30,19.0,315,928.1,0.0,Brazil,Sao Paulo,-23.5505,-46.6333,4.9,5.3,10.0,6.366666666666667,2.0016659728002253,6.800000000000001,19,3,14.6
2026-08-06 20:00:00,6.8,6.8,22.1,25.0,37,13.5,322,927.7,0.1,Brazil,Sao Paulo,-23.5505,-46.6333,5.5,4.8,7.3,5.616666666666667,0.9174239296346349,9.3,20,3,11.0
2026-08-06 21:00:00,9.1,9.1,28.7,23.6,44,8.8,343,928.0,0.0,Brazil,Sao Paulo,-23.5505,-46.6333,6.8,4.9,5.9,5.533333333333334,0.7393691004270152,6.599999999999998,21,3,9.1
2026-08-06 22:00:00,9.7,9.8,29.9,22.5,51,7.8,355,928.0,0.0,Brazil,Sao Paulo,-23.5505,-46.6333,9.1,5.5,5.3,6.066666666666666,1.6500505042774494,1.1999999999999993,22,3,8.1
2026-08-06 23:00:00,8.8,9.0,28.4,21.6,55,10.4,350,928.5,0.0,Brazil,Sao Paulo,-23.5505,-46.6333,9.7,6.8,4.8,6.8,2.144761058952631,-1.5,23,3,7.2
2026-08-07 00:00:00,16.6,16.8,44.8,19.7,73,8.9,306,928.3,0.0,Brazil,Sao Paulo,-23.5505,-46.6333,8.8,9.1,4.9,7.466666666666666,2.0165977949671308,16.4,0,4,6.4
2026-08-07 01:00:00,14.6,14.9,39.3,19.2,73,13.8,302,928.7,0.2,Brazil,Sao Paulo,-23.5505,-46.6333,16.6,9.7,5.5,9.416666666666666,3.8561206758433193,-5.5,1,4,5.9
2026-08-07 02:00:00,11.0,11.3,31.4,17.8,79,12.9,339,928.3,0.3,Brazil,Sao Paulo,-23.5505,-46.6333,14.6,8.8,6.8,10.933333333333332,3.796665203394469,-7.899999999999999,2,4,5.8
2026-08-07 03:00:00,9.1,9.4,24.5,17.3,84,7.7,16,927.5,0.1,Brazil,Sao Paulo,-23.5505,-46.6333,11.0,16.6,9.1,11.633333333333333,3.226556471947512,-6.899999999999999,3,4,6.1
2026-08-07 04:00:00,8.1,8.5,19.3,17.9,76,11.5,4,926.4,0.0,Brazil,Sao Paulo,-23.5505,-46.6333,9.1,14.6,9.7,11.633333333333333,3.226556471947512,-5.199999999999999,4,4,7.2
2026-08-07 05:00:00,7.2,7.7,14.9,17.8,73,12.8,356,925.5,0.0,Brazil,Sao Paulo,-23.5505,-46.6333,8.1,11.0,8.8,11.366666666666667,3.4748621075758344,-4.4,5,4,8.9
2026-08-07 06:00:00,6.4,6.9,11.9,19.0,68,15.6,349,924.8,0.0,Brazil,Sao Paulo,-23.5505,-46.6333,7.2,9.1,16.6,11.1,3.7608509675337705,-3.0,6,4,10.7
2026-08-07 07:00:00,5.9,6.4,10.5,19.3,64,18.2,342,924.6,0.0,Brazil,Sao Paulo,-23.5505,-46.6333,6.4,8.1,14.6,9.4,3.0073243922130612,-1.4000000000000004,7,4,10.7
2026-08-07 08:00:00,5.8,6.2,10.6,20.0,59,19.3,339,924.5,0.0,Brazil,Sao Paulo,-23.5505,-46.6333,5.9,7.2,11.0,7.949999999999999,1.8875910574061399,0.09999999999999964,8,4,10.8
2026-08-07 09:00:00,6.1,6.6,11.8,20.4,55,20.0,341,924.9,0.0,Brazil,Sao Paulo,-23.5505,-46.6333,5.8,6.4,9.1,7.083333333333333,1.3136463248021824,1.200000000000001,9,4,8.7
2026-08-07 10:00:00,7.2,7.8,15.5,20.9,52,15.6,334,926.3,0.0,Brazil,Sao Paulo,-23.5505,-46.6333,6.1,5.9,8.1,6.583333333333333,0.8975893641673078,3.6999999999999993,10,4,6.3
2026-08-07 11:00:00,8.9,9.6,20.5,21.8,50,10.5,283,927.6,0.0,Brazil,Sao Paulo,-23.5505,-46.6333,7.2,5.8,7.2,6.433333333333334,0.628225012767137,5.0,11,4,5.0
2026-08-07 12:00:00,10.7,11.6,23.3,20.0,67,17.8,218,929.8,0.0,Brazil,Sao Paulo,-23.5505,-46.6333,8.9,6.1,6.4,6.716666666666666,1.1822295321409775,2.8000000000000007,12,4,5.3
2026-08-07 13:00:00,10.7,11.4,19.2,19.1,78,13.0,292,930.0,1.5,Brazil,Sao Paulo,-23.5505,-46.6333,10.7,7.2,5.9,7.433333333333334,1.9835994219262834,-4.100000000000001,13,4,6.0
2026-08-07 14:00:00,10.8,11.3,13.5,19.0,79,10.3,320,929.0,0.4,Brazil,Sao Paulo,-23.5505,-46.6333,10.7,8.9,5.8,8.233333333333334,2.1978777642685907,-5.699999999999999,14,4,6.9
2026-08-07 15:00:00,8.7,9.1,9.1,20.6,70,12.2,306,928.3,0.0,Brazil,Sao Paulo,-23.5505,-46.6333,10.8,10.7,6.1,9.066666666666666,2.0324041592818873,-4.4,15,4,7.5
2026-08-07 16:00:00,6.3,6.5,6.7,23.6,53,19.4,311,927.3,0.0,Brazil,Sao Paulo,-23.5505,-46.6333,8.7,10.7,7.2,9.5,1.4737706741551266,-2.3999999999999995,16,4,8.1
2026-08-07 17:00:00,5.0,5.2,5.5,24.5,51,21.6,309,926.5,0.0,Brazil,Sao Paulo,-23.5505,-46.6333,6.3,10.8,8.9,9.35,1.7705931209624797,-1.2000000000000002,17,4,9.1
2026-08-01 06:00:00,27.6,44.8,7.8,31.5,70,11.6,105,976.1,0.4,India,Delhi,28.6139,77.209,34.8,26.4,25.5,27.71666666666667,3.565061944295872,-2.3999999999999995,6,5,36.6
2026-08-01 07:00:00,30.2,61.0,7.0,32.1,69,11.3,100,975.5,0.1,India,Delhi,28.6139,77.209,27.6,25.3,26.8,28.066666666666666,3.4033317009463926,-0.7999999999999998,7,5,41.2
2026-08-01 08:00:00,30.5,38.1,7.2,32.4,66,12.5,108,975.0,0.1,India,Delhi,28.6139,77.209,30.2,34.8,27.5,28.63333333333333,3.433171517222329,0.20000000000000018,8,5,44.9
2026-08-01 09:00:00,30.0,33.6,8.1,32.0,64,10.5,82,974.3,0.2,India,Delhi,28.6139,77.209,30.5,27.6,26.4,29.13333333333333,3.453500639447845,0.8999999999999995,9,5,44.9
2026-08-01 10:00:00,29.5,31.3,9.5,31.2,71,9.1,72,973.5,0.7,India,Delhi,28.6139,77.209,30.0,30.2,25.3,29.733333333333334,3.186011090166931,1.4000000000000004,10,5,43.2
2026-08-01 11:00:00,28.8,29.8,11.6,31.4,74,8.0,70,973.1,0.1,India,Delhi,28.6139,77.209,29.5,30.5,34.8,30.433333333333334,2.375429785673886,2.0999999999999996,11,5,40.7
2026-08-01 12:00:00,36.6,55.9,14.6,30.5,78,10.3,87,973.6,0.7,India,Delhi,28.6139,77.209,28.8,30.0,27.6,29.433333333333337,1.0782702196883112,3.0,12,5,40.3
2026-08-01 13:00:00,41.2,53.3,20.8,30.3,81,7.1,96,974.0,0.1,India,Delhi,28.6139,77.209,36.6,29.5,30.2,30.933333333333334,2.839483521112016,6.200000000000001,13,5,37.4
2026-08-01 14:00:00,44.9,51.5,29.2,29.7,84,7.0,90,974.3,0.0,India,Delhi,28.6139,77.209,41.2,28.8,30.5,32.76666666666667,5.0002666595559395,8.399999999999999,14,5,35.0
2026-08-01 15:00:00,44.9,48.1,34.8,29.4,86,7.0,87,975.1,0.0,India,Delhi,28.6139,77.209,44.9,36.6,30.0,35.166666666666664,6.819579654690362,5.599999999999998,15,5,34.6
2026-08-01 16:00:00,43.2,44.4,35.2,29.3,87,8.3,89,975.9,0.0,India,Delhi,28.6139,77.209,44.9,41.2,29.5,37.65,7.260509623986463,0.4000000000000057,16,5,35.3
2026-08-01 17:00:00,40.7,41.2,32.8,29.2,87,9.9,111,976.3,0.0,India,Delhi,28.6139,77.209,43.2,44.9,28.8,39.93333333333334,6.271735538642132,-2.4000000000000057,17,5,35.9
2026-08-01 18:00:00,40.3,40.4,29.7,27.2,89,12.1,93,976.3,0.0,India,Delhi,28.6139,77.209,40.7,44.9,36.6,41.916666666666664,3.1530408602913322,-3.099999999999998,18,5,44.2
2026-08-01 19:00:00,37.4,37.6,25.8,26.7,90,11.0,108,975.9,0.2,India,Delhi,28.6139,77.209,40.3,43.2,41.2,42.53333333333333,2.0867838092784567,-3.8999999999999986,19,5,45.2
2026-08-01 20:00:00,35.0,35.5,21.1,26.7,92,8.8,121,976.3,0.3,India,Delhi,28.6139,77.209,37.4,40.7,44.9,41.9,2.964456105257767,-4.699999999999999,20,5,43.0
2026-08-01 21:00:00,34.6,35.4,17.8,26.9,93,7.9,106,976.0,0.3,India,Delhi,28.6139,77.209,35.0,40.3,44.9,40.25,3.6390932936653413,-3.3000000000000007,21,5,39.3
2026-08-01 22:00:00,35.3,36.6,17.0,26.7,94,6.5,104,975.4,0.1,India,Delhi,28.6139,77.209,34.6,37.4,43.2,38.53333333333333,3.4302575219167917,-0.8000000000000007,22,5,39.9
2026-08-01 23:00:00,35.9,37.5,17.6,26.8,94,6.9,118,976.1,0.0,India,Delhi,28.6139,77.209,35.3,35.0,40.7,37.21666666666667,2.724273603488958,0.6000000000000014,23,5,38.1
2026-08-02 00:00:00,44.2,45.3,22.8,27.1,95,9.4,93,976.0,0.0,India,Delhi,28.6139,77.209,35.9,34.6,40.3,36.416666666666664,2.138613257853486,5.199999999999999,0,6,37.7
2026-08-02 01:00:00,45.2,46.4,22.0,26.6,96,12.0,98,976.8,0.2,India,Delhi,28.6139,77.209,44.2,35.3,37.4,37.06666666666666,3.628590176179546,-0.8000000000000007,1,6,36.3
2026-08-02 02:00:00,43.0,44.9,20.7,26.9,95,7.0,94,977.0,0.3,India,Delhi,28.6139,77.209,45.2,35.9,35.0,38.36666666666667,4.934234151990226,-1.3000000000000007,2,6,34.5
2026-08-02 03:00:00,39.3,69.8,18.5,28.5,88,8.5,97,977.2,0.1,India,Delhi,28.6139,77.209,43.0,44.2,34.6,39.7,4.92341345003647,-2.1999999999999993,3,6,35.3
2026-08-02 04:00:00,39.9,79.6,14.7,30.2,79,9.0,105,977.1,0.0,India,Delhi,28.6139,77.209,39.3,45.2,35.3,40.483333333333334,4.281783117658656,-3.8000000000000007,4,6,36.9
2026-08-02 05:00:00,38.1,61.9,9.9,31.6,71,8.3,112,977.0,0.1,India,Delhi,28.6139,77.209,39.9,43.0,35.9,41.25,3.510413081105983,-4.799999999999999,5,6,35.6
2026-08-02 06:00:00,37.7,53.8,6.5,32.8,64,8.1,129,976.9,0.1,India,Delhi,28.6139,77.209,38.1,39.3,44.2,41.61666666666667,2.9020107971313034,-3.4000000000000004,6,6,29.8
2026-08-02 07:00:00,36.3,47.4,5.0,33.7,59,7.3,121,976.5,0.1,India,Delhi,28.6139,77.209,37.7,39.9,45.2,40.53333333333334,2.957476401709177,-1.5,7,6,33.8
2026-08-02 08:00:00,34.5,42.0,4.9,32.9,61,10.9,97,976.2,0.8,India,Delhi,28.6139,77.209,36.3,38.1,43.0,39.05,2.3097618924902146,-0.09999999999999964,8,6,37.7
2026-08-02 09:00:00,35.3,40.6,5.8,32.2,68,9.9,102,975.4,0.8,India,Delhi,28.6139,77.209,34.5,37.7,39.3,37.63333333333333,1.9866219234335047,0.8999999999999995,9,6,36.8
2026-08-02 10:00:00,36.9,40.5,7.7,32.6,67,7.6,108,974.8,0.0,India,Delhi,28.6139,77.209,35.3,36.3,39.9,36.96666666666667,1.9866219234335047,1.9000000000000004,10,6,37.0
2026-08-02 11:00:00,35.6,38.2,10.7,32.4,67,8.4,115,974.4,0.4,India,Delhi,28.6139,77.209,36.9,34.5,38.1,36.46666666666667,1.3880441875771226,2.999999999999999,11,6,38.4
2026-08-02 12:00:00,29.8,30.6,16.0,27.6,93,4.6,167,975.0,0.3,India,Delhi,28.6139,77.209,35.6,35.3,37.7,36.050000000000004,1.1554220008291174,5.300000000000001,12,6,37.4
2026-08-02 13:00:00,33.8,34.7,21.0,28.3,91,8.9,65,975.7,0.5,India,Delhi,28.6139,77.209,29.8,36.9,36.3,34.73333333333333,2.553951187212986,5.0,13,6,35.6
2026-08-02 14:00:00,37.7,38.4,27.9,27.5,93,5.4,64,975.4,0.1,India,Delhi,28.6139,77.209,33.8,35.6,34.5,34.31666666666667,2.4490134067960154,6.899999999999999,14,6,34.5
2026-08-02 15:00:00,36.8,37.4,32.4,27.7,94,5.5,67,976.3,0.1,India,Delhi,28.6139,77.209,37.7,29.8,35.3,34.85,2.817623111773461,4.5,15,6,32.6
2026-08-02 16:00:00,37.0,37.7,32.4,27.8,94,5.2,68,977.4,0.0,India,Delhi,28.6139,77.209,36.8,33.8,36.9,35.1,2.9298464123567904,0.0,16,6,28.8
2026-08-02 17:00:00,38.4,39.3,30.0,27.9,94,6.9,85,977.7,0.0,India,Delhi,28.6139,77.209,37.0,37.7,35.6,35.11666666666667,2.942391317732335,-2.3999999999999986,17,6,27.0
2026-08-02 18:00:00,37.4,38.5,27.4,28.6,94,6.2,98,977.0,0.0,India,Delhi,28.6139,77.209,38.4,36.8,29.8,35.583333333333336,3.2412446169128644,-2.6000000000000014,18,6,25.8
2026-08-02 19:00:00,35.6,37.3,25.0,28.5,94,6.1,102,976.8,0.0,India,Delhi,28.6139,77.209,37.4,37.0,33.8,36.85,1.5971850237214065,-2.3999999999999986,19,6,28.9
2026-08-02 20:00:00,34.5,36.6,22.4,28.4,94,7.3,100,976.7,0.0,India,Delhi,28.6139,77.209,35.6,38.4,37.7,37.15,0.9460443964211951,-2.6000000000000014,20,6,31.3
2026-08-02 21:00:00,32.6,35.0,20.6,27.9,93,8.5,103,976.4,0.0,India,Delhi,28.6139,77.209,34.5,37.4,36.8,36.61666666666667,1.377558226234597,-1.7999999999999972,21,6,31.1
2026-08-02 22:00:00,28.8,31.5,20.0,27.4,94,7.6,109,976.1,0.0,India,Delhi,28.6139,77.209,32.6,35.6,37.0,35.916666666666664,2.1283013571077296,-0.6000000000000014,22,6,30.9
2026-08-02 23:00:00,27.0,29.7,20.2,27.2,95,7.6,117,976.2,0.0,India,Delhi,28.6139,77.209,28.8,34.5,38.4,34.550000000000004,3.490415448051983,0.1999999999999993,23,6,29.9
2026-08-03 00:00:00,25.8,27.9,21.2,27.4,94,7.6,142,976.0,0.2,India,Delhi,28.6139,77.209,27.0,32.6,37.4,32.65,4.035715549936579,1.0,0,0,31.7
2026-08-03 01:00:00,28.9,31.5,22.7,27.7,96,4.3,132,976.6,0.3,India,Delhi,28.6139,77.209,25.8,28.8,35.6,30.716666666666665,4.083340136048738,1.5,1,0,31.3
2026-08-03 02:00:00,31.3,34.3,24.5,27.8,94,5.7,99,976.7,0.3,India,Delhi,28.6139,77.209,28.9,27.0,34.5,29.599999999999998,3.326860381801412,1.8000000000000007,2,0,30.7
2026-08-03 03:00:00,31.1,33.8,24.5,28.4,88,3.6,135,977.7,0.9,India,Delhi,28.6139,77.209,31.3,25.8,32.6,29.066666666666666,2.5500326795291257,0.0,3,0,32.2
2026-08-03 04:00:00,30.9,32.9,20.8,29.5,83,3.9,146,977.9,0.1,India,Delhi,28.6139,77.209,31.1,28.9,28.8,28.816666666666666,2.1812076165891425,-3.6999999999999993,4,0,31.9
2026-08-03 05:00:00,29.9,31.8,15.4,30.4,81,4.7,118,978.1,0.2,India,Delhi,28.6139,77.209,30.9,31.3,27.0,29.166666666666668,2.3406551789331322,-5.4,5,0,31.3
2026-08-03 06:00:00,31.7,33.5,11.3,31.3,73,7.4,83,977.7,0.2,India,Delhi,28.6139,77.209,29.9,31.1,25.8,29.649999999999995,2.0897368255356557,-4.1,6,0,44.6
2026-08-03 07:00:00,31.3,32.8,9.6,32.6,69,8.4,118,977.6,0.2,India,Delhi,28.6139,77.209,31.7,30.9,28.9,30.633333333333336,1.0405126941400271,-1.700000000000001,7,0,48.3
2026-08-03 08:00:00,30.7,32.0,9.4,33.4,67,6.1,113,977.1,0.0,India,Delhi,28.6139,77.209,31.3,29.9,31.3,31.03333333333333,0.6153589738246696,-0.1999999999999993,8,0,57.0
2026-08-03 09:00:00,32.2,33.4,11.0,30.7,75,11.9,142,976.6,1.1,India,Delhi,28.6139,77.209,30.7,31.7,31.1,30.933333333333334,0.6121002096605968,1.5999999999999996,9,0,65.7
2026-08-03 10:00:00,31.9,32.8,14.6,30.9,79,4.1,157,976.3,0.6,India,Delhi,28.6139,77.209,32.2,31.3,30.9,31.116666666666664,0.8060190237621911,3.5999999999999996,10,0,70.8
2026-08-03 11:00:00,31.3,32.0,20.0,30.1,80,6.7,171,975.6,0.8,India,Delhi,28.6139,77.209,31.9,30.7,29.9,31.28333333333333,0.8542052836798435,5.4,11,0,78.5
2026-08-03 12:00:00,44.6,45.8,22.0,32.3,75,8.6,147,975.1,0.1,India,Delhi,28.6139,77.209,31.3,32.2,31.7,31.51666666666667,0.5307227776029307,2.0,12,0,76.4
2026-08-03 13:00:00,48.3,49.0,34.1,29.8,84,7.8,199,975.2,0.9,India,Delhi,28.6139,77.209,44.6,31.9,31.3,33.666666666666664,5.3816973778415536,12.100000000000001,13,0,75.2
2026-08-03 14:00:00,57.0,57.4,50.9,27.7,94,6.9,104,976.4,2.5,India,Delhi,28.6139,77.209,48.3,31.3,30.7,36.5,7.812553999813383,16.799999999999997,14,0,63.6
2026-08-03 15:00:00,65.7,65.9,63.9,27.3,95,8.3,134,977.4,1.2,India,Delhi,28.6139,77.209,57.0,44.6,32.2,40.88333333333333,10.737861363729134,13.0,15,0,54.9
2026-08-03 16:00:00,70.8,71.0,70.5,27.3,94,0.9,281,978.4,2.6,India,Delhi,28.6139,77.209,65.7,48.3,31.9,46.46666666666667,13.637692864508539,6.600000000000001,16,0,45.4
2026-08-03 17:00:00,78.5,78.7,73.2,27.1,95,2.8,130,978.2,1.8,India,Delhi,28.6139,77.209,70.8,57.0,31.3,52.949999999999996,14.544105335152127,2.700000000000003,17,0,38.3
2026-08-03 18:00:00,76.4,76.6,71.6,26.9,98,5.5,142,978.4,0.3,India,Delhi,28.6139,77.209,78.5,65.7,44.6,60.81666666666666,13.194152745313641,-1.6000000000000085,18,0,36.2
2026-08-03 19:00:00,75.2,75.4,63.2,26.9,97,8.2,148,977.7,1.2,India,Delhi,28.6139,77.209,76.4,70.8,48.3,66.11666666666666,11.676886000414136,-8.399999999999991,19,0,35.9
2026-08-03 20:00:00,63.6,63.8,50.4,26.7,98,7.2,145,977.4,0.5,India,Delhi,28.6139,77.209,75.2,78.5,57.0,70.60000000000001,8.077375811487356,-12.800000000000004,20,0,31.5
2026-08-03 21:00:00,54.9,55.3,39.7,26.5,98,7.1,146,977.2,0.2,India,Delhi,28.6139,77.209,63.6,76.4,65.7,71.7,6.049793384901754,-10.699999999999996,21,0,27.3
2026-08-03 22:00:00,45.4,45.6,33.2,26.6,98,6.0,129,977.6,0.1,India,Delhi,28.6139,77.209,54.9,75.2,70.8,69.89999999999999,9.053176238205076,-6.5,22,0,26.3
2026-08-03 23:00:00,38.3,38.4,28.7,26.6,98,4.5,137,977.5,0.1,India,Delhi,28.6139,77.209,45.4,63.6,78.5,65.66666666666667,13.42917222566855,-4.5000000000000036,23,0,27.6
2026-08-04 00:00:00,36.2,36.4,23.9,26.6,97,8.7,156,977.0,0.1,India,Delhi,28.6139,77.209,38.3,54.9,76.4,58.96666666666667,15.598803372908687,-4.800000000000001,0,1,28.4
2026-08-04 01:00:00,35.9,36.2,25.6,26.3,98,7.2,179,977.9,1.4,India,Delhi,28.6139,77.209,36.2,45.4,75.2,52.26666666666666,15.242528224237184,1.7000000000000028,1,1,27.7
2026-08-04 02:00:00,31.5,32.0,27.8,26.7,95,2.7,222,977.9,1.1,India,Delhi,28.6139,77.209,35.9,38.3,63.6,45.71666666666667,11.368274568581937,2.1999999999999993,2,1,27.1
2026-08-04 03:00:00,27.3,27.8,28.3,27.3,93,4.6,193,978.5,0.6,India,Delhi,28.6139,77.209,31.5,36.2,54.9,40.36666666666667,8.446932382034712,0.5,3,1,27.1
2026-08-04 04:00:00,26.3,27.0,25.7,28.5,86,3.9,146,978.8,0.2,India,Delhi,28.6139,77.209,27.3,35.9,45.4,35.766666666666666,6.153264716121545,-2.6000000000000014,4,1,27.8
2026-08-04 05:00:00,27.6,28.5,21.6,29.5,83,1.8,180,979.4,0.3,India,Delhi,28.6139,77.209,26.3,31.5,38.3,32.583333333333336,5.006562360209468,-4.099999999999998,5,1,36.9
2026-08-04 06:00:00,28.4,29.3,18.1,27.8,93,5.9,282,979.3,0.6,India,Delhi,28.6139,77.209,27.6,27.3,36.2,30.8,4.436214602563706,-3.5,6,1,33.1
2026-08-04 07:00:00,27.7,28.6,15.7,27.8,93,4.3,343,978.8,0.9,India,Delhi,28.6139,77.209,28.4,26.3,35.9,29.5,3.6016662810426214,-2.400000000000002,7,1,37.8
2026-08-04 08:00:00,27.1,28.1,14.0,28.4,89,6.1,2,978.3,0.8,India,Delhi,28.6139,77.209,27.7,27.6,31.5,28.133333333333336,1.785123711865927,-1.6999999999999993,8,1,51.9
2026-08-04 09:00:00,27.1,28.1,14.3,28.5,86,6.0,353,977.8,0.6,India,Delhi,28.6139,77.209,27.1,28.4,27.3,27.400000000000002,0.6985699678624034,0.3000000000000007,9,1,62.2
2026-08-04 10:00:00,27.8,28.8,16.8,29.3,83,5.1,352,977.1,0.6,India,Delhi,28.6139,77.209,27.1,27.7,26.3,27.36666666666667,0.7089898917939129,2.5,10,1,68.5
2026-08-04 11:00:00,36.9,38.3,21.3,29.4,83,4.7,2,976.3,0.0,India,Delhi,28.6139,77.209,27.8,27.1,27.6,27.616666666666664,0.4875106836428896,4.5,11,1,76.1
2026-08-04 12:00:00,33.1,33.8,46.4,27.3,95,2.8,55,976.6,0.0,India,Delhi,28.6139,77.209,36.9,27.1,28.4,29.166666666666668,3.8197731171714935,25.099999999999998,12,1,75.2
2026-08-04 13:00:00,37.8,38.4,55.5,27.3,94,3.4,74,976.6,1.8,India,Delhi,28.6139,77.209,33.1,27.8,27.7,29.95,4.102560176280099,9.100000000000001,13,1,65.9
2026-08-04 14:00:00,51.9,52.4,68.0,27.2,95,1.1,9,976.9,0.9,India,Delhi,28.6139,77.209,37.8,36.9,27.1,31.633333333333336,4.974200103199119,12.5,14,1,60.1
2026-08-04 15:00:00,62.2,62.4,77.2,27.1,97,1.3,344,977.6,0.5,India,Delhi,28.6139,77.209,51.9,33.1,27.1,35.76666666666667,9.070758880417133,9.200000000000003,15,1,57.7
2026-08-04 16:00:00,68.5,68.7,80.4,27.1,96,1.0,68,978.3,0.5,India,Delhi,28.6139,77.209,62.2,37.8,27.8,41.61666666666667,12.881524236932002,3.200000000000003,16,1,56.6
2026-08-04 17:00:00,76.1,76.6,80.3,26.8,97,2.5,86,978.4,0.4,India,Delhi,28.6139,77.209,68.5,51.9,36.9,48.4,14.733634989370419,-0.10000000000000853,17,1,55.9
2026-08-04 18:00:00,75.2,75.4,78.2,27.4,97,2.4,318,977.7,0.2,India,Delhi,28.6139,77.209,76.1,62.2,33.1,54.93333333333334,17.11334761718663,-2.0999999999999943,18,1,71.9
2026-08-04 19:00:00,65.9,66.1,73.7,27.4,97,1.7,18,976.9,0.0,India,Delhi,28.6139,77.209,75.2,68.5,37.8,61.949999999999996,14.8524408768391,-4.5,19,1,68.2
2026-08-04 20:00:00,60.1,60.3,67.2,27.3,97,2.1,345,976.7,0.0,India,Delhi,28.6139,77.209,65.9,76.1,51.9,66.63333333333334,8.986137472054828,-6.5,20,1,57.9
2026-08-04 21:00:00,57.7,58.0,61.5,27.2,93,1.7,283,976.4,0.0,India,Delhi,28.6139,77.209,60.1,75.2,62.2,68.0,6.605452293371085,-5.700000000000003,21,1,47.6
2026-08-04 22:00:00,56.6,56.8,57.8,26.9,95,1.8,294,976.3,0.0,India,Delhi,28.6139,77.209,57.7,65.9,68.5,67.25,7.5793799218670435,-3.700000000000003,22,1,37.6
2026-08-04 23:00:00,55.9,56.1,54.9,26.9,93,3.1,21,976.2,0.0,India,Delhi,28.6139,77.209,56.6,60.1,76.1,65.26666666666667,8.665948688208799,-2.8999999999999986,23,1,35.7
2026-08-05 00:00:00,71.9,72.4,59.6,26.5,97,4.4,12,976.2,0.1,India,Delhi,28.6139,77.209,55.9,57.7,75.2,61.9,7.454662970248952,4.700000000000003,0,2,37.6
2026-08-05 01:00:00,68.2,68.7,53.9,26.2,97,2.9,43,976.5,1.1,India,Delhi,28.6139,77.209,71.9,56.6,65.9,61.35,6.311180555173565,-5.700000000000003,1,2,40.0
2026-08-05 02:00:00,57.9,58.3,45.8,26.9,95,1.8,354,976.6,0.0,India,Delhi,28.6139,77.209,68.2,55.9,60.1,61.73333333333334,6.700646734955335,-8.100000000000001,2,2,43.0
2026-08-05 03:00:00,47.6,48.1,37.8,28.1,89,2.2,325,976.7,0.0,India,Delhi,28.6139,77.209,57.9,71.9,57.7,61.36666666666667,6.866051752402363,-8.0,3,2,49.7
2026-08-05 04:00:00,37.6,38.4,30.4,29.9,78,4.1,322,976.7,0.0,India,Delhi,28.6139,77.209,47.6,68.2,56.6,59.68333333333334,8.88581266214112,-7.399999999999999,4,2,42.8
2026-08-05 05:00:00,35.7,36.7,23.2,31.1,70,5.0,316,976.6,0.0,India,Delhi,28.6139,77.209,37.6,57.9,55.9,56.51666666666666,12.749810456107465,-7.199999999999999,5,2,39.3
2026-08-05 06:00:00,37.6,38.8,17.4,31.3,71,4.8,292,976.7,0.0,India,Delhi,28.6139,77.209,35.7,47.6,71.9,53.150000000000006,15.347540519575125,-5.800000000000001,6,2,46.1
2026-08-05 07:00:00,40.0,41.4,13.5,30.7,72,5.3,280,975.5,0.0,India,Delhi,28.6139,77.209,37.6,37.6,68.2,47.43333333333334,13.205251480629459,-3.8999999999999986,7,2,54.0
2026-08-05 08:00:00,43.0,44.4,11.1,31.5,67,6.1,289,975.2,0.0,India,Delhi,28.6139,77.209,40.0,35.7,57.9,42.73333333333334,8.52470918370041,-2.4000000000000004,8,2,64.5
2026-08-05 09:00:00,49.7,80.8,10.1,31.8,65,7.2,292,974.2,0.0,India,Delhi,28.6139,77.209,43.0,37.6,47.6,40.25,4.390785806663683,-1.0,9,2,65.2
2026-08-05 10:00:00,42.8,52.5,9.3,32.5,63,6.6,296,973.9,0.0,India,Delhi,28.6139,77.209,49.7,40.0,37.6,40.6,5.117421225578298,-0.7999999999999989,10,2,65.7
2026-08-05 11:00:00,39.3,45.8,9.8,32.4,63,4.8,295,973.4,0.0,India,Delhi,28.6139,77.209,42.8,43.0,35.7,41.46666666666667,4.945165989799131,0.5,11,2,70.1
2026-08-05 12:00:00,46.1,54.0,18.9,29.9,82,7.7,91,973.7,0.0,India,Delhi,28.6139,77.209,39.3,49.7,37.6,42.06666666666667,4.279096477840395,9.099999999999998,12,2,74.7
2026-08-05 13:00:00,54.0,59.3,33.4,28.5,88,5.4,250,974.1,0.5,India,Delhi,28.6139,77.209,46.1,42.8,40.0,43.48333333333334,3.8943120915851352,14.5,13,2,70.5
2026-08-05 14:00:00,64.5,67.8,53.4,28.3,88,5.6,187,975.1,0.1,India,Delhi,28.6139,77.209,54.0,39.3,43.0,45.81666666666667,5.322186267565837,20.0,14,2,61.2
2026-08-05 15:00:00,65.2,68.0,68.4,28.1,90,7.2,179,975.7,0.1,India,Delhi,28.6139,77.209,64.5,46.1,49.7,49.4,9.007996447601432,15.000000000000007,15,2,62.4
2026-08-05 16:00:00,65.7,69.2,74.3,27.8,92,4.1,182,976.2,0.0,India,Delhi,28.6139,77.209,65.2,54.0,42.8,51.98333333333333,11.092595127681662,5.8999999999999915,16,2,60.5
2026-08-05 17:00:00,70.1,74.3,75.2,27.7,94,4.2,155,976.2,0.0,India,Delhi,28.6139,77.209,65.7,64.5,39.3,55.79999999999999,11.239572945623898,0.9000000000000057,17,2,57.7
2026-08-05 18:00:00,74.7,79.6,72.5,27.3,99,3.7,101,975.8,0.0,India,Delhi,28.6139,77.209,70.1,65.2,46.1,60.93333333333334,9.008588494690374,-2.700000000000003,18,2,68.7
2026-08-05 19:00:00,70.5,74.7,64.9,27.8,98,3.1,208,975.4,3.0,India,Delhi,28.6139,77.209,74.7,65.7,54.0,65.7,6.912886517222857,-7.599999999999994,19,2,70.3
2026-08-05 20:00:00,61.2,64.5,53.7,27.3,90,3.5,159,975.3,2.0,India,Delhi,28.6139,77.209,70.5,70.1,64.5,68.45,3.99286864296859,-11.200000000000003,20,2,75.0
2026-08-05 21:00:00,62.4,64.7,44.4,27.0,96,2.2,189,974.9,0.5,India,Delhi,28.6139,77.209,61.2,74.7,65.2,67.89999999999999,4.792911432522176,-9.300000000000004,21,2,70.1
2026-08-05 22:00:00,60.5,62.9,38.5,27.0,97,4.5,209,974.7,0.0,India,Delhi,28.6139,77.209,62.4,70.5,65.7,67.43333333333334,5.2251953711481836,-5.899999999999999,22,2,54.6
2026-08-05 23:00:00,57.7,60.5,34.5,26.9,96,7.8,233,975.2,0.0,India,Delhi,28.6139,77.209,60.5,61.2,70.1,66.56666666666666,5.951022321136794,-4.0,23,2,45.3
2026-08-06 00:00:00,68.7,71.7,47.3,27.1,95,5.7,101,974.6,0.0,India,Delhi,28.6139,77.209,57.7,62.4,74.7,64.5,6.596665824490545,12.799999999999997,0,3,44.6
2026-08-06 01:00:00,70.3,72.6,49.3,27.3,93,3.8,98,975.7,0.4,India,Delhi,28.6139,77.209,68.7,60.5,70.5,63.5,5.0035987049324255,2.0,1,3,44.9
2026-08-06 02:00:00,75.0,76.4,51.7,27.5,90,6.4,119,976.3,0.3,India,Delhi,28.6139,77.209,70.3,57.7,61.2,63.46666666666667,4.947996227430665,2.4000000000000057,2,3,47.4
2026-08-06 03:00:00,70.1,71.2,51.5,27.4,91,6.6,119,977.1,1.0,India,Delhi,28.6139,77.209,75.0,68.7,62.4,65.76666666666667,6.611404288550826,-0.20000000000000284,3,3,51.9
2026-08-06 04:00:00,54.6,55.3,45.9,27.1,90,4.2,115,977.8,1.1,India,Delhi,28.6139,77.209,70.1,70.3,60.5,67.05,6.574420126520793,-5.600000000000001,4,3,50.9
2026-08-06 05:00:00,45.3,46.4,37.7,26.9,89,1.7,108,977.7,1.6,India,Delhi,28.6139,77.209,54.6,75.0,57.7,66.06666666666666,8.030110003397727,-8.199999999999996,5,3,57.6
2026-08-06 06:00:00,44.6,46.7,31.8,27.0,84,5.0,64,977.7,0.8,India,Delhi,28.6139,77.209,45.3,70.1,68.7,64.0,11.472052998482942,-5.900000000000002,6,3,31.8
2026-08-06 07:00:00,44.9,48.8,30.0,27.7,80,4.0,360,977.3,0.6,India,Delhi,28.6139,77.209,44.6,54.6,70.3,59.98333333333333,13.531506444837097,-1.8000000000000007,7,3,32.7
2026-08-06 08:00:00,47.4,52.7,30.5,27.4,82,5.4,330,976.7,0.3,India,Delhi,28.6139,77.209,44.9,45.3,75.0,55.75,13.631250859697394,0.5,8,3,34.8
2026-08-06 09:00:00,51.9,68.2,33.0,27.2,83,5.7,319,976.0,0.2,India,Delhi,28.6139,77.209,47.4,44.6,70.1,51.15,10.012542134742834,2.5,9,3,37.0
2026-08-06 10:00:00,50.9,62.2,38.8,27.0,84,4.8,331,975.8,0.3,India,Delhi,28.6139,77.209,51.9,44.9,54.6,48.11666666666667,4.183499332695905,5.799999999999997,10,3,37.6
2026-08-06 11:00:00,57.6,67.1,46.6,27.5,82,6.3,325,975.3,0.1,India,Delhi,28.6139,77.209,50.9,47.4,45.3,47.5,3.1918646587849504,7.800000000000004,11,3,39.1
2026-08-06 12:00:00,31.8,33.3,51.4,27.7,87,7.8,5,975.1,0.0,India,Delhi,28.6139,77.209,57.6,51.9,44.6,49.550000000000004,4.9577212507361175,4.799999999999997,12,3,39.9
2026-08-06 13:00:00,32.7,33.6,53.5,27.4,90,6.4,8,975.2,0.5,India,Delhi,28.6139,77.209,31.8,50.9,44.9,47.416666666666664,8.788041116578087,2.1000000000000014,13,3,36.6
2026-08-06 14:00:00,34.8,35.6,56.4,27.2,91,4.9,354,975.8,0.1,India,Delhi,28.6139,77.209,32.7,57.6,47.4,45.38333333333333,10.691944007834445,2.8999999999999986,14,3,34.7
2026-08-06 15:00:00,37.0,38.0,57.7,27.0,93,5.2,4,976.2,0.0,India,Delhi,28.6139,77.209,34.8,31.8,51.9,43.28333333333333,11.428633630783112,1.3000000000000043,15,3,31.8
2026-08-06 16:00:00,37.6,38.5,56.7,26.9,93,5.6,29,976.8,0.0,India,Delhi,28.6139,77.209,37.0,32.7,50.9,40.800000000000004,10.782393055347223,-1.0,16,3,28.5
2026-08-06 17:00:00,39.1,40.0,54.1,26.9,93,3.9,53,976.8,0.0,India,Delhi,28.6139,77.209,37.6,34.8,57.6,38.583333333333336,9.592166943223338,-2.6000000000000014,17,3,25.6
2026-08-06 18:00:00,39.9,41.0,50.3,26.7,93,8.4,74,976.6,0.0,India,Delhi,28.6139,77.209,39.1,37.0,31.8,35.5,2.8858274376683957,-3.8000000000000043,18,3,35.0
2026-08-06 19:00:00,36.6,37.7,44.6,26.0,97,8.1,86,976.4,0.5,India,Delhi,28.6139,77.209,39.9,37.6,32.7,36.85,2.697220791852197,-5.699999999999996,19,3,36.9
2026-08-06 20:00:00,34.7,35.9,37.6,25.8,97,3.6,70,976.2,1.4,India,Delhi,28.6139,77.209,36.6,39.1,34.8,37.5,1.8264720090928923,-7.0,20,3,38.4
2026-08-06 21:00:00,31.8,32.2,31.3,25.7,99,4.1,358,975.8,0.5,India,Delhi,28.6139,77.209,34.7,39.9,37.0,37.48333333333333,1.8562507014588538,-6.300000000000001,21,3,43.3
2026-08-06 22:00:00,28.5,28.7,25.6,25.8,98,5.2,6,975.6,0.0,India,Delhi,28.6139,77.209,31.8,36.6,37.6,36.61666666666667,2.992936128063287,-5.699999999999999,22,3,49.0
2026-08-06 23:00:00,25.6,25.7,20.7,25.8,96,5.4,6,975.7,0.0,India,Delhi,28.6139,77.209,28.5,34.7,39.1,35.1,4.3794976880916066,-4.900000000000002,23,3,32.5
2026-08-07 00:00:00,35.0,35.2,23.4,26.1,97,7.5,57,975.3,1.8,India,Delhi,28.6139,77.209,25.6,31.8,39.9,32.85,5.2872488120003975,2.6999999999999993,0,4,26.7
2026-08-07 01:00:00,36.9,37.1,25.4,25.6,93,3.6,319,975.7,2.2,India,Delhi,28.6139,77.209,35.0,28.5,36.6,32.03333333333333,4.258951357630918,2.0,1,4,26.7
2026-08-07 02:00:00,38.4,38.6,28.0,26.0,96,5.6,40,976.1,2.3,India,Delhi,28.6139,77.209,36.9,25.6,34.7,32.083333333333336,4.324542364998433,2.6000000000000014,2,4,25.8
2026-08-07 03:00:00,43.3,43.5,28.4,26.4,96,9.1,25,976.4,2.3,India,Delhi,28.6139,77.209,38.4,35.0,31.8,32.7,4.985579204064418,0.3999999999999986,3,4,28.1
2026-08-07 04:00:00,49.0,49.1,24.4,26.5,95,11.0,24,976.6,2.5,India,Delhi,28.6139,77.209,43.3,36.9,28.5,34.61666666666667,6.538934673680898,-4.0,4,4,29.2
2026-08-07 05:00:00,32.5,32.7,18.2,26.9,93,10.3,35,976.8,3.4,India,Delhi,28.6139,77.209,49.0,38.4,25.6,38.03333333333333,7.914712039402725,-6.199999999999999,5,4,29.0
2026-08-07 06:00:00,26.7,27.0,14.1,27.8,89,11.2,35,976.5,1.0,India,Delhi,28.6139,77.209,32.5,43.3,35.0,39.18333333333334,6.021766075385734,-4.1,6,4,34.6
2026-08-07 07:00:00,26.7,26.9,13.6,26.1,96,13.8,53,976.0,12.0,India,Delhi,28.6139,77.209,26.7,49.0,36.9,37.800000000000004,7.850605072222127,-0.5,7,4,35.6
2026-08-07 08:00:00,25.8,26.0,15.2,26.9,95,14.4,53,975.3,2.4,India,Delhi,28.6139,77.209,26.7,32.5,38.4,36.1,9.090874545388894,1.5999999999999996,8,4,36.0
2026-08-07 09:00:00,28.1,28.3,18.6,27.8,92,11.4,33,974.8,0.9,India,Delhi,28.6139,77.209,25.8,26.7,43.3,34.0,9.874816453990405,3.400000000000002,9,4,34.7
2026-08-07 10:00:00,29.2,29.4,24.3,29.1,80,11.1,22,974.4,0.3,India,Delhi,28.6139,77.209,28.1,26.7,49.0,31.466666666666665,8.914856514081775,5.699999999999999,10,4,35.2
2026-08-07 11:00:00,29.0,29.3,31.7,28.7,81,12.5,20,974.2,0.3,India,Delhi,28.6139,77.209,29.2,25.8,32.5,28.166666666666668,2.4393988330459937,7.399999999999999,11,4,36.3
2026-08-07 12:00:00,34.6,35.2,31.1,27.0,93,10.2,24,974.5,4.9,India,Delhi,28.6139,77.209,29.0,28.1,26.7,27.583333333333332,1.3876839217437604,-0.5999999999999979,12,4,37.7
2026-08-07 13:00:00,35.6,36.2,32.0,26.7,95,9.2,39,974.5,1.6,India,Delhi,28.6139,77.209,34.6,29.2,26.7,28.900000000000002,3.088041450498925,0.8999999999999986,13,4,38.3
2026-08-07 14:00:00,36.0,36.4,33.1,26.3,95,8.2,50,975.3,1.4,India,Delhi,28.6139,77.209,35.6,29.0,25.8,30.383333333333336,3.86078575767501,1.1000000000000014,14,4,39.6
2026-08-07 15:00:00,34.7,35.2,33.7,26.5,93,10.5,35,976.0,0.1,India,Delhi,28.6139,77.209,36.0,34.6,28.1,32.083333333333336,3.680443813817327,0.6000000000000014,15,4,41.4
2026-08-07 16:00:00,35.2,35.5,33.2,25.6,97,12.7,47,976.8,0.9,India,Delhi,28.6139,77.209,34.7,35.6,29.2,33.18333333333334,3.207751029407714,-0.5,16,4,41.9
2026-08-07 17:00:00,36.3,36.6,32.2,25.4,97,10.1,40,977.0,3.0,India,Delhi,28.6139,77.209,35.2,36.0,29.0,34.18333333333334,2.594160108140254,-1.0,17,4,43.9
2026-08-01 06:00:00,52.2,53.1,33.6,5.1,63,8.2,126,833.3,0.0,South Africa,Johannesburg,-26.2041,28.0473,37.1,18.2,14.0,20.483333333333334,8.733708643335126,3.200000000000003,6,5,12.5
2026-08-01 07:00:00,38.0,39.7,31.2,9.2,47,4.0,117,836.0,0.0,South Africa,Johannesburg,-26.2041,28.0473,52.2,22.8,14.7,26.850000000000005,14.84651474252459,-2.400000000000002,7,5,12.9
2026-08-01 08:00:00,28.0,30.0,25.9,11.8,45,4.0,144,837.2,0.0,South Africa,Johannesburg,-26.2041,28.0473,38.0,37.1,16.1,30.733333333333338,14.059255551652322,-5.300000000000001,8,5,13.2
2026-08-01 09:00:00,27.8,28.5,21.5,13.5,31,6.6,158,837.6,0.0,South Africa,Johannesburg,-26.2041,28.0473,28.0,52.2,18.2,32.71666666666667,12.312987722996667,-4.399999999999999,9,5,14.0
2026-08-01 10:00:00,25.6,26.0,19.0,14.8,22,6.4,158,837.2,0.0,South Africa,Johannesburg,-26.2041,28.0473,27.8,38.0,22.8,34.31666666666667,10.546357981154756,-2.5,10,5,37.6
2026-08-01 11:00:00,24.4,24.8,17.5,15.9,17,4.5,157,837.0,0.0,South Africa,Johannesburg,-26.2041,28.0473,25.6,28.0,37.1,34.78333333333333,9.981666527522677,-1.5,11,5,61.2
2026-08-01 12:00:00,12.5,12.6,17.4,16.8,14,3.2,109,836.2,0.0,South Africa,Johannesburg,-26.2041,28.0473,24.4,27.8,52.2,32.666666666666664,10.711987055008358,-0.10000000000000142,12,5,73.6
2026-08-01 13:00:00,12.9,13.0,18.7,17.2,12,2.4,99,835.8,0.0,South Africa,Johannesburg,-26.2041,28.0473,12.5,25.6,38.0,26.05,8.199939024163536,1.3000000000000007,13,5,80.3
2026-08-01 14:00:00,13.2,13.4,20.9,17.0,11,1.3,90,835.4,0.0,South Africa,Johannesburg,-26.2041,28.0473,12.9,24.4,28.0,21.866666666666664,7.229292265959838,2.1999999999999993,14,5,94.3
2026-08-01 15:00:00,14.0,14.1,25.8,16.4,14,0.9,79,835.2,0.0,South Africa,Johannesburg,-26.2041,28.0473,13.2,12.5,27.8,19.400000000000002,7.242927584892734,4.900000000000002,15,5,110.8
2026-08-01 16:00:00,37.6,38.0,36.2,14.4,17,1.9,158,834.4,0.0,South Africa,Johannesburg,-26.2041,28.0473,14.0,12.9,25.6,17.1,6.150772309230777,10.400000000000002,16,5,120.1
2026-08-01 17:00:00,61.2,62.9,49.2,13.1,19,7.0,159,834.9,0.0,South Africa,Johannesburg,-26.2041,28.0473,37.6,13.2,24.4,19.099999999999998,10.130745283541586,13.0,17,5,127.6
2026-08-01 18:00:00,73.6,75.0,57.7,11.3,29,1.8,169,834.2,0.0,South Africa,Johannesburg,-26.2041,28.0473,61.2,14.0,12.5,25.233333333333334,20.158240663973302,8.5,18,5,167.2
2026-08-01 19:00:00,80.3,81.5,57.5,11.0,29,0.9,191,834.4,0.0,South Africa,Johannesburg,-26.2041,28.0473,73.6,37.6,12.9,35.416666666666664,26.78345882567572,-0.20000000000000284,19,5,170.4
2026-08-01 20:00:00,94.3,95.2,52.8,10.1,30,1.5,187,833.8,0.0,South Africa,Johannesburg,-26.2041,28.0473,80.3,61.2,13.2,46.65,29.45218158303388,-4.700000000000003,20,5,169.5
2026-08-01 21:00:00,110.8,111.8,49.6,9.3,32,1.0,202,833.3,0.0,South Africa,Johannesburg,-26.2041,28.0473,94.3,73.6,14.0,60.166666666666664,29.639748087098635,-3.1999999999999957,21,5,165.3
2026-08-01 22:00:00,120.1,121.1,50.5,8.5,34,0.8,225,832.3,0.0,South Africa,Johannesburg,-26.2041,28.0473,110.8,80.3,37.6,76.3,25.546976337719514,0.8999999999999986,22,5,162.5
2026-08-01 23:00:00,127.6,128.5,52.9,7.6,35,2.3,247,831.5,0.0,South Africa,Johannesburg,-26.2041,28.0473,120.1,94.3,61.2,90.05,22.581474708264757,2.3999999999999986,23,5,175.1
2026-08-02 00:00:00,167.2,168.1,55.1,6.6,35,5.2,224,830.9,0.0,South Africa,Johannesburg,-26.2041,28.0473,127.6,110.8,73.6,101.11666666666666,21.87449808948008,2.200000000000003,0,6,198.4
2026-08-02 01:00:00,170.4,171.8,53.0,6.7,40,5.2,200,830.7,0.0,South Africa,Johannesburg,-26.2041,28.0473,167.2,120.1,80.3,116.71666666666665,30.140166997989038,-2.1000000000000014,1,6,89.6
2026-08-02 02:00:00,169.5,170.4,50.9,6.3,48,3.6,207,830.3,0.0,South Africa,Johannesburg,-26.2041,28.0473,170.4,127.6,94.3,131.73333333333332,30.805432421354972,-2.1000000000000014,2,6,34.3
2026-08-02 03:00:00,165.3,166.2,54.1,6.0,55,3.6,221,830.1,0.0,South Africa,Johannesburg,-26.2041,28.0473,169.5,167.2,110.8,144.26666666666665,27.667429708353264,3.200000000000003,3,6,18.4
2026-08-02 04:00:00,162.5,163.4,71.4,5.7,61,5.1,222,829.9,0.0,South Africa,Johannesburg,-26.2041,28.0473,165.3,170.4,120.1,153.35,23.04246080608585,17.300000000000004,4,6,17.3
2026-08-02 05:00:00,175.1,176.5,94.0,5.4,64,4.3,222,830.1,0.0,South Africa,Johannesburg,-26.2041,28.0473,162.5,169.5,127.6,160.41666666666666,16.329778524728038,22.599999999999994,5,6,16.7
2026-08-02 06:00:00,198.4,200.2,101.8,7.6,56,4.2,220,831.9,0.0,South Africa,Johannesburg,-26.2041,28.0473,175.1,165.3,167.2,168.33333333333334,4.3802587442603285,7.799999999999997,6,6,13.2
2026-08-02 07:00:00,89.6,92.7,80.1,11.8,39,3.2,223,834.6,0.0,South Africa,Johannesburg,-26.2041,28.0473,198.4,162.5,170.4,173.53333333333333,12.933780061013465,-21.700000000000003,7,6,13.1
2026-08-02 08:00:00,34.3,34.7,43.4,13.5,26,6.9,208,835.7,0.0,South Africa,Johannesburg,-26.2041,28.0473,89.6,175.1,169.5,160.0666666666667,36.83284765893982,-36.699999999999996,8,6,12.9
2026-08-02 09:00:00,18.4,18.5,15.6,14.5,24,7.8,206,835.7,0.0,South Africa,Johannesburg,-26.2041,28.0473,34.3,198.4,165.3,137.53333333333333,62.39399543759533,-27.799999999999997,9,6,13.3
2026-08-02 10:00:00,17.3,17.4,7.0,15.5,22,7.7,208,835.4,0.0,South Africa,Johannesburg,-26.2041,28.0473,18.4,89.6,162.5,113.05,76.53785337987993,-8.6,10,6,22.8
2026-08-02 11:00:00,16.7,16.9,7.1,16.4,21,7.8,214,835.1,0.0,South Africa,Johannesburg,-26.2041,28.0473,17.3,34.3,175.1,88.84999999999998,80.62150457539227,0.09999999999999964,11,6,31.5
2026-08-02 12:00:00,13.2,13.4,10.2,17.3,19,8.0,211,834.5,0.0,South Africa,Johannesburg,-26.2041,28.0473,16.7,18.4,198.4,62.449999999999996,72.22732862289726,3.0999999999999996,12,6,37.6
2026-08-02 13:00:00,13.1,13.2,10.1,17.4,18,7.6,211,834.2,0.0,South Africa,Johannesburg,-26.2041,28.0473,13.2,17.3,89.6,31.583333333333332,29.361840314712182,-0.09999999999999964,13,6,39.8
2026-08-02 14:00:00,12.9,13.1,10.3,17.0,19,7.4,212,833.7,0.0,South Africa,Johannesburg,-26.2041,28.0473,13.1,16.7,34.3,18.833333333333332,7.885598687902922,0.20000000000000107,14,6,42.0
2026-08-02 15:00:00,13.3,13.4,12.4,16.1,21,7.5,210,833.6,0.0,South Africa,Johannesburg,-26.2041,28.0473,12.9,13.2,18.4,15.266666666666666,2.4727852043103327,2.0999999999999996,15,6,43.0
2026-08-02 16:00:00,22.8,22.9,18.7,14.2,27,5.6,205,833.0,0.0,South Africa,Johannesburg,-26.2041,28.0473,13.3,13.1,17.3,14.416666666666666,2.014365077798968,6.299999999999999,16,6,40.3
2026-08-02 17:00:00,31.5,31.8,27.1,13.2,30,8.6,195,833.1,0.0,South Africa,Johannesburg,-26.2041,28.0473,22.8,12.9,16.7,15.333333333333334,3.929715850625348,8.400000000000002,17,6,40.3
2026-08-02 18:00:00,37.6,37.7,32.6,12.2,33,9.4,193,832.9,0.0,South Africa,Johannesburg,-26.2041,28.0473,31.5,13.3,13.2,17.8,7.748548251123535,5.5,18,6,45.8
2026-08-02 19:00:00,39.8,40.0,32.9,11.1,36,9.0,190,832.9,0.0,South Africa,Johannesburg,-26.2041,28.0473,37.6,22.8,13.1,21.866666666666664,10.694422222198659,0.29999999999999716,19,6,50.4
2026-08-02 20:00:00,42.0,42.1,30.4,10.1,40,8.3,185,832.5,0.0,South Africa,Johannesburg,-26.2041,28.0473,39.8,31.5,12.9,26.316666666666663,11.813452783443829,-2.5,20,6,54.2
2026-08-02 21:00:00,43.0,43.2,27.6,9.6,43,7.4,187,832.2,0.0,South Africa,Johannesburg,-26.2041,28.0473,42.0,37.6,13.3,31.166666666666668,11.158972473604237,-2.799999999999997,21,6,60.3
2026-08-02 22:00:00,40.3,40.5,24.7,8.8,46,6.7,178,831.7,0.0,South Africa,Johannesburg,-26.2041,28.0473,43.0,39.8,22.8,36.11666666666667,7.699458855442851,-2.900000000000002,22,6,70.3
2026-08-02 23:00:00,40.3,40.4,21.5,8.2,48,6.7,183,831.1,0.0,South Africa,Johannesburg,-26.2041,28.0473,40.3,42.0,31.5,39.03333333333333,4.13602063179785,-3.1999999999999993,23,6,95.0
2026-08-03 00:00:00,45.8,46.0,21.2,6.8,51,6.1,180,830.3,0.0,South Africa,Johannesburg,-26.2041,28.0473,40.3,43.0,37.6,40.5,1.8697593428008055,-0.3000000000000007,0,0,127.6
2026-08-03 01:00:00,50.4,50.5,21.1,6.2,53,5.6,182,829.7,0.0,South Africa,Johannesburg,-26.2041,28.0473,45.8,40.3,39.8,41.86666666666667,2.2783034623723126,-0.09999999999999787,1,0,61.5
2026-08-03 02:00:00,54.2,54.5,21.6,5.3,56,5.2,182,829.2,0.0,South Africa,Johannesburg,-26.2041,28.0473,50.4,40.3,42.0,43.633333333333326,3.8928995192090188,0.5,2,0,30.6
2026-08-03 03:00:00,60.3,60.5,26.7,4.8,57,5.4,186,829.0,0.0,South Africa,Johannesburg,-26.2041,28.0473,54.2,45.8,43.0,45.666666666666664,5.656029231418274,5.099999999999998,3,0,24.0
2026-08-03 04:00:00,70.3,70.3,43.0,4.3,58,5.3,198,829.2,0.0,South Africa,Johannesburg,-26.2041,28.0473,60.3,50.4,40.3,48.54999999999999,7.963604711435116,16.3,4,0,21.1
2026-08-03 05:00:00,95.0,95.9,63.8,4.0,59,5.3,198,829.1,0.0,South Africa,Johannesburg,-26.2041,28.0473,70.3,54.2,40.3,53.54999999999999,10.696681728461028,20.799999999999997,5,0,19.2
2026-08-03 06:00:00,127.6,128.5,72.9,7.0,48,6.9,194,831.5,0.0,South Africa,Johannesburg,-26.2041,28.0473,95.0,60.3,45.8,62.666666666666664,17.97750446159476,9.100000000000009,6,0,13.7
2026-08-03 07:00:00,61.5,61.7,59.0,10.8,32,6.4,196,834.2,0.0,South Africa,Johannesburg,-26.2041,28.0473,127.6,70.3,50.4,76.3,29.774485721838992,-13.900000000000006,7,0,13.1
2026-08-03 08:00:00,30.6,30.9,33.4,12.7,24,6.9,197,835.0,0.0,South Africa,Johannesburg,-26.2041,28.0473,61.5,95.0,54.2,78.14999999999999,28.14354277627453,-25.6,8,0,12.7
2026-08-03 09:00:00,24.0,24.2,14.0,14.4,20,6.1,203,835.3,0.0,South Africa,Johannesburg,-26.2041,28.0473,30.6,127.6,60.3,74.21666666666667,33.33127160290559,-19.4,9,0,13.2
2026-08-03 10:00:00,21.1,21.3,8.3,15.9,17,5.6,211,835.2,0.0,South Africa,Johannesburg,-26.2041,28.0473,24.0,61.5,70.3,68.16666666666667,39.149184750983764,-5.699999999999999,10,0,26.7
2026-08-03 11:00:00,19.2,19.3,8.7,16.9,15,6.0,213,835.3,0.0,South Africa,Johannesburg,-26.2041,28.0473,21.1,30.6,95.0,59.96666666666667,43.52142767266095,0.3999999999999986,11,0,38.1
2026-08-03 12:00:00,13.7,13.7,9.3,18.0,14,6.6,217,834.8,0.0,South Africa,Johannesburg,-26.2041,28.0473,19.2,24.0,127.6,47.33333333333332,42.30260827261903,0.6000000000000014,12,0,46.9
2026-08-03 13:00:00,13.1,13.1,9.4,18.2,13,7.9,213,834.6,0.0,South Africa,Johannesburg,-26.2041,28.0473,13.7,21.1,61.5,28.349999999999998,17.168663314305714,0.09999999999999964,13,0,52.3
2026-08-03 14:00:00,12.7,12.7,10.2,17.8,13,9.0,209,834.5,0.0,South Africa,Johannesburg,-26.2041,28.0473,13.1,19.2,30.6,20.283333333333335,6.5882977062859185,0.7999999999999989,14,0,57.6
2026-08-03 15:00:00,13.2,13.3,14.7,16.8,14,9.5,205,834.3,0.0,South Africa,Johannesburg,-26.2041,28.0473,12.7,13.7,24.0,17.3,4.789572005929672,4.5,15,0,61.2
2026-08-03 16:00:00,26.7,26.7,26.7,14.8,19,7.8,195,834.0,0.0,South Africa,Johannesburg,-26.2041,28.0473,13.2,13.1,21.1,15.5,3.665514970639856,12.0,16,0,61.2
2026-08-03 17:00:00,38.1,38.2,42.6,13.6,24,7.6,188,834.1,0.0,South Africa,Johannesburg,-26.2041,28.0473,26.7,12.7,19.2,16.433333333333334,5.5862927480263425,15.900000000000002,17,0,63.1
2026-08-03 18:00:00,46.9,47.0,54.1,12.2,26,5.8,173,833.6,0.0,South Africa,Johannesburg,-26.2041,28.0473,38.1,13.2,13.7,19.583333333333332,10.566819136649032,11.5,18,0,89.2
2026-08-03 19:00:00,52.3,52.5,57.3,11.4,28,6.2,168,833.8,0.0,South Africa,Johannesburg,-26.2041,28.0473,46.9,26.7,13.1,25.116666666666664,14.73884889218466,3.1999999999999957,19,0,95.2
2026-08-03 20:00:00,57.6,58.4,56.3,10.3,31,5.3,172,833.2,0.0,South Africa,Johannesburg,-26.2041,28.0473,52.3,38.1,12.7,31.650000000000002,16.87954383269842,-1.0,20,0,101.0
2026-08-03 21:00:00,61.2,62.4,54.8,9.6,33,5.0,178,833.0,0.0,South Africa,Johannesburg,-26.2041,28.0473,57.6,46.9,13.2,39.13333333333333,16.750482580112582,-1.5,21,0,106.2
2026-08-03 22:00:00,61.2,62.4,53.7,9.0,36,5.1,174,832.5,0.0,South Africa,Johannesburg,-26.2041,28.0473,61.2,52.3,26.7,47.13333333333333,12.909634644971803,-1.0999999999999943,22,0,112.7
2026-08-03 23:00:00,63.1,64.3,52.2,8.5,38,3.8,161,832.2,0.0,South Africa,Johannesburg,-26.2041,28.0473,61.2,57.6,38.1,52.88333333333333,9.113378444169712,-1.5,23,0,135.5
2026-08-04 00:00:00,89.2,90.8,57.7,7.6,40,2.3,198,831.6,0.0,South Africa,Johannesburg,-26.2041,28.0473,63.1,61.2,46.9,57.050000000000004,6.275906309051397,5.5,0,1,169.5
2026-08-04 01:00:00,95.2,97.1,57.2,7.6,40,2.7,176,831.3,0.0,South Africa,Johannesburg,-26.2041,28.0473,89.2,61.2,52.3,64.10000000000001,12.878819821706966,-0.5,1,1,96.6
2026-08-04 02:00:00,101.0,103.1,57.2,7.6,39,2.5,172,831.2,0.0,South Africa,Johannesburg,-26.2041,28.0473,95.2,63.1,57.6,71.25,16.43505400051954,0.0,2,1,41.2
2026-08-04 03:00:00,106.2,108.0,61.8,7.1,40,3.3,171,830.6,0.0,South Africa,Johannesburg,-26.2041,28.0473,101.0,89.2,61.2,78.48333333333333,18.629913222198887,4.599999999999994,3,1,30.9
2026-08-04 04:00:00,112.7,114.8,78.4,6.5,41,3.6,180,830.5,0.0,South Africa,Johannesburg,-26.2041,28.0473,106.2,95.2,61.2,85.98333333333333,19.32546679039505,16.60000000000001,4,1,26.4
2026-08-04 05:00:00,135.5,137.4,99.7,6.1,43,3.4,174,830.6,0.0,South Africa,Johannesburg,-26.2041,28.0473,112.7,101.0,63.1,94.56666666666666,17.46363841433575,21.299999999999997,5,1,27.7
2026-08-04 06:00:00,169.5,172.3,107.5,9.2,37,3.9,152,833.1,0.0,South Africa,Johannesburg,-26.2041,28.0473,135.5,106.2,89.2,106.63333333333333,16.35024974325056,7.799999999999997,6,1,18.6
2026-08-04 07:00:00,96.6,98.3,89.3,13.5,25,2.8,130,835.8,0.0,South Africa,Johannesburg,-26.2041,28.0473,169.5,112.7,95.2,120.01666666666665,27.965222449797665,-18.200000000000003,7,1,18.9
2026-08-04 08:00:00,41.2,41.2,57.7,15.4,18,2.2,336,836.9,0.0,South Africa,Johannesburg,-26.2041,28.0473,96.6,135.5,101.0,120.25,27.721525932026193,-31.599999999999994,8,1,18.6
2026-08-04 09:00:00,30.9,30.9,32.5,16.6,16,4.5,326,837.0,0.0,South Africa,Johannesburg,-26.2041,28.0473,41.2,169.5,106.2,110.28333333333335,42.71942961541815,-25.200000000000003,9,1,20.1
2026-08-04 10:00:00,26.4,26.5,21.6,17.7,15,6.8,325,837.2,0.0,South Africa,Johannesburg,-26.2041,28.0473,30.9,96.6,112.7,97.73333333333333,53.78619401544102,-10.899999999999999,10,1,39.2
2026-08-04 11:00:00,27.7,27.8,17.1,18.4,14,8.4,323,837.0,0.0,South Africa,Johannesburg,-26.2041,28.0473,26.4,41.2,135.5,83.35000000000001,60.14637977467965,-4.5,11,1,60.5
2026-08-04 12:00:00,18.6,18.6,17.0,18.9,14,8.6,329,836.2,0.0,South Africa,Johannesburg,-26.2041,28.0473,27.7,30.9,169.5,65.38333333333334,57.49509254420465,-0.10000000000000142,12,1,79.9
2026-08-04 13:00:00,18.9,18.9,14.8,19.0,14,8.1,328,835.8,0.0,South Africa,Johannesburg,-26.2041,28.0473,18.6,26.4,96.6,40.233333333333334,28.57164095159136,-2.1999999999999993,13,1,103.1
2026-08-04 14:00:00,18.6,18.6,12.7,18.6,15,8.3,319,835.6,0.0,South Africa,Johannesburg,-26.2041,28.0473,18.9,27.7,41.2,27.28333333333333,8.407001050710646,-2.1000000000000014,14,1,124.8
2026-08-04 15:00:00,20.1,20.1,17.8,17.8,16,8.0,322,835.3,0.0,South Africa,Johannesburg,-26.2041,28.0473,18.6,18.6,30.9,23.516666666666666,5.477012567691363,5.100000000000001,15,1,142.0
2026-08-04 16:00:00,39.2,39.2,36.9,15.8,19,5.4,339,834.4,0.0,South Africa,Johannesburg,-26.2041,28.0473,20.1,18.9,26.4,21.716666666666665,4.188277291040885,19.099999999999998,16,1,147.6
2026-08-04 17:00:00,60.5,60.5,63.2,14.8,21,7.3,351,834.2,0.0,South Africa,Johannesburg,-26.2041,28.0473,39.2,18.6,27.7,23.850000000000005,8.296203951204584,26.300000000000004,17,1,148.1
2026-08-04 18:00:00,79.9,80.6,83.9,13.6,22,9.9,345,833.8,0.0,South Africa,Johannesburg,-26.2041,28.0473,60.5,20.1,18.6,29.316666666666666,17.281367615633037,20.700000000000003,18,1,148.1
2026-08-04 19:00:00,103.1,103.8,93.9,12.9,23,7.7,344,833.6,0.0,South Africa,Johannesburg,-26.2041,28.0473,79.9,39.2,18.9,39.53333333333334,25.73236613035522,10.0,19,1,128.5
2026-08-04 20:00:00,124.8,126.2,98.3,11.8,26,5.1,328,833.0,0.0,South Africa,Johannesburg,-26.2041,28.0473,103.1,60.5,18.6,53.56666666666666,33.894404651308676,4.3999999999999915,20,1,104.3
2026-08-04 21:00:00,142.0,144.4,99.7,11.5,28,4.6,291,832.7,0.0,South Africa,Johannesburg,-26.2041,28.0473,124.8,79.9,20.1,71.26666666666667,39.283414651308746,1.4000000000000057,21,1,87.3
2026-08-04 22:00:00,147.6,149.9,98.2,11.3,27,5.3,282,832.6,0.0,South Africa,Johannesburg,-26.2041,28.0473,142.0,103.1,39.2,91.58333333333333,39.049989329917395,-1.5,22,1,81.7
2026-08-04 23:00:00,148.1,150.4,93.8,11.1,27,5.8,279,832.5,0.0,South Africa,Johannesburg,-26.2041,28.0473,147.6,124.8,60.5,109.64999999999999,34.813603662936124,-4.400000000000006,23,1,96.6
2026-08-05 00:00:00,148.1,150.9,96.7,10.0,33,5.8,274,831.8,0.0,South Africa,Johannesburg,-26.2041,28.0473,148.1,142.0,79.9,124.25,27.72599862944529,2.9000000000000057,0,2,129.0
2026-08-05 01:00:00,128.5,131.3,84.8,9.6,33,6.0,273,831.4,0.0,South Africa,Johannesburg,-26.2041,28.0473,148.1,147.6,103.1,135.61666666666665,18.27757277831691,-11.900000000000006,1,2,78.5
2026-08-05 02:00:00,104.3,106.4,68.7,9.1,34,5.7,252,830.9,0.0,South Africa,Johannesburg,-26.2041,28.0473,128.5,148.1,124.8,139.85,10.546421193940892,-16.099999999999994,2,2,28.4
2026-08-05 03:00:00,87.3,88.5,59.5,8.4,36,6.1,236,830.4,0.0,South Africa,Johannesburg,-26.2041,28.0473,104.3,148.1,142.0,136.43333333333334,17.455047025621877,-9.200000000000003,3,2,16.2
2026-08-05 04:00:00,81.7,82.4,66.7,8.1,37,6.0,237,830.7,0.0,South Africa,Johannesburg,-26.2041,28.0473,87.3,128.5,147.6,127.31666666666666,26.106736040084904,7.200000000000003,4,2,14.0
2026-08-05 05:00:00,96.6,98.3,80.7,8.1,36,5.8,240,831.1,0.0,South Africa,Johannesburg,-26.2041,28.0473,81.7,104.3,148.1,116.33333333333333,29.507535760660602,14.0,5,2,14.1
2026-08-05 06:00:00,129.0,131.8,83.8,10.5,38,3.5,258,833.1,0.0,South Africa,Johannesburg,-26.2041,28.0473,96.6,87.3,148.1,107.75,25.65819557178553,3.0999999999999943,6,2,12.3
2026-08-05 07:00:00,78.5,78.7,63.9,14.7,23,4.8,312,835.8,0.0,South Africa,Johannesburg,-26.2041,28.0473,129.0,81.7,128.5,104.56666666666668,20.26994491030156,-19.9,7,2,12.0
2026-08-05 08:00:00,28.4,28.5,33.2,16.1,19,8.4,315,836.7,0.0,South Africa,Johannesburg,-26.2041,28.0473,78.5,96.6,104.3,96.23333333333335,18.678079844209275,-30.699999999999996,8,2,11.9
2026-08-05 09:00:00,16.2,16.3,10.2,17.2,17,7.7,306,837.0,0.0,South Africa,Johannesburg,-26.2041,28.0473,28.4,129.0,87.3,83.58333333333333,32.6205712191962,-23.000000000000004,9,2,13.3
2026-08-05 10:00:00,14.0,14.1,3.4,18.1,16,7.6,306,836.5,0.0,South Africa,Johannesburg,-26.2041,28.0473,16.2,78.5,81.7,71.73333333333333,42.437420593936274,-6.799999999999999,10,2,30.5
2026-08-05 11:00:00,14.1,14.1,4.3,18.8,15,7.8,302,836.3,0.0,South Africa,Johannesburg,-26.2041,28.0473,14.0,28.4,96.6,60.45000000000001,47.905312857761146,0.8999999999999999,11,2,55.1
2026-08-05 12:00:00,12.3,12.5,6.5,19.6,14,7.7,286,835.5,0.0,South Africa,Johannesburg,-26.2041,28.0473,14.1,16.2,129.0,46.699999999999996,47.289998942693686,2.2,12,2,83.1
2026-08-05 13:00:00,12.0,12.2,5.8,19.7,13,7.9,271,835.0,0.0,South Africa,Johannesburg,-26.2041,28.0473,12.3,14.0,78.5,27.25,25.77586080036828,-0.7000000000000002,13,2,114.6
2026-08-05 14:00:00,11.9,12.1,5.8,19.4,13,8.0,256,834.7,0.0,South Africa,Johannesburg,-26.2041,28.0473,12.0,14.1,28.4,16.166666666666668,6.179536120666702,0.0,14,2,149.9
2026-08-05 15:00:00,13.3,13.5,12.2,18.6,14,7.5,246,834.5,0.0,South Africa,Johannesburg,-26.2041,28.0473,11.9,12.3,16.2,13.416666666666666,1.679781731840001,6.3999999999999995,15,2,181.1
2026-08-05 16:00:00,30.5,30.7,31.0,16.5,19,4.0,267,833.6,0.0,South Africa,Johannesburg,-26.2041,28.0473,13.3,12.0,14.0,12.933333333333335,0.9973297682427822,18.8,16,2,194.6
2026-08-05 17:00:00,55.1,55.4,56.3,15.7,20,4.9,303,833.8,0.0,South Africa,Johannesburg,-26.2041,28.0473,30.5,11.9,14.1,15.683333333333335,7.308191750811161,25.299999999999997,17,2,197.9
2026-08-05 18:00:00,83.1,83.4,75.5,14.1,25,5.5,308,833.6,0.0,South Africa,Johannesburg,-26.2041,28.0473,55.1,13.3,12.3,22.516666666666666,17.538804596283835,19.200000000000003,18,2,141.6
2026-08-05 19:00:00,114.6,115.5,83.2,13.4,27,5.2,297,833.6,0.0,South Africa,Johannesburg,-26.2041,28.0473,83.1,30.5,12.0,34.31666666666666,29.21837891921165,7.700000000000003,19,2,135.0
2026-08-05 20:00:00,149.9,151.3,84.9,12.8,29,5.3,288,833.3,0.0,South Africa,Johannesburg,-26.2041,28.0473,114.6,55.1,11.9,51.416666666666664,41.137545705433595,1.7000000000000028,20,2,128.1
2026-08-05 21:00:00,181.1,182.5,85.0,12.2,30,5.0,308,833.2,0.0,South Africa,Johannesburg,-26.2041,28.0473,149.9,83.1,13.3,74.41666666666667,51.816770129627415,0.09999999999999432,21,2,123.4
2026-08-05 22:00:00,194.6,196.0,84.3,11.6,32,3.6,303,832.7,0.0,South Africa,Johannesburg,-26.2041,28.0473,181.1,114.6,30.5,102.38333333333333,57.233151814893596,-0.7000000000000028,22,2,124.3
2026-08-05 23:00:00,197.9,199.3,81.9,11.4,31,5.9,297,832.6,0.0,South Africa,Johannesburg,-26.2041,28.0473,194.6,149.9,55.1,129.73333333333332,55.184659704184725,-2.3999999999999915,23,2,143.0
2026-08-06 00:00:00,141.6,143.0,81.2,10.7,34,4.5,293,832.1,0.0,South Africa,Johannesburg,-26.2041,28.0473,197.9,181.1,83.1,153.53333333333333,46.70043540125378,-0.7000000000000028,0,3,180.7
2026-08-06 01:00:00,135.0,136.0,77.8,10.8,34,3.7,313,831.8,0.0,South Africa,Johannesburg,-26.2041,28.0473,141.6,194.6,114.6,163.28333333333333,33.21393783740014,-3.4000000000000057,1,3,110.6
2026-08-06 02:00:00,128.1,129.0,73.6,10.6,34,2.6,309,831.7,0.0,South Africa,Johannesburg,-26.2041,28.0473,135.0,197.9,149.9,166.68333333333334,27.84366474921506,-4.200000000000003,2,3,43.0
2026-08-06 03:00:00,123.4,123.9,74.2,10.4,34,2.4,297,831.9,0.0,South Africa,Johannesburg,-26.2041,28.0473,128.1,141.6,181.1,163.05,31.63584991745936,0.6000000000000085,3,3,30.3
2026-08-06 04:00:00,124.3,124.8,88.1,10.0,34,3.1,283,832.2,0.0,South Africa,Johannesburg,-26.2041,28.0473,123.4,135.0,194.6,153.43333333333334,33.75077283065791,13.899999999999991,4,3,22.5
2026-08-06 05:00:00,143.0,144.4,106.8,9.6,35,3.6,270,832.7,0.0,South Africa,Johannesburg,-26.2041,28.0473,124.3,128.1,197.9,141.71666666666667,28.375864157178924,18.700000000000003,5,3,17.5
2026-08-06 06:00:00,180.7,183.5,110.8,12.3,35,3.5,291,834.9,0.0,South Africa,Johannesburg,-26.2041,28.0473,143.0,123.4,141.6,132.5666666666667,8.587122141128987,4.0,6,3,10.6
2026-08-06 07:00:00,110.6,110.8,85.5,15.9,22,4.7,320,837.3,0.0,South Africa,Johannesburg,-26.2041,28.0473,180.7,124.3,135.0,139.08333333333334,21.675370046822046,-25.299999999999997,7,3,11.1
2026-08-06 08:00:00,43.0,43.2,45.4,17.5,20,4.6,309,838.2,0.0,South Africa,Johannesburg,-26.2041,28.0473,110.6,143.0,128.1,135.01666666666668,24.67593294420028,-40.1,8,3,11.4
2026-08-06 09:00:00,30.3,30.5,15.2,18.9,17,4.2,306,838.4,0.0,South Africa,Johannesburg,-26.2041,28.0473,43.0,180.7,123.4,120.83333333333333,45.29179469469787,-30.2,9,3,12.3
2026-08-06 10:00:00,22.5,22.8,5.6,20.1,16,3.3,299,838.3,0.0,South Africa,Johannesburg,-26.2041,28.0473,30.3,110.6,124.3,105.31666666666666,58.31265442994904,-9.6,10,3,28.3
2026-08-06 11:00:00,17.5,17.8,5.7,20.9,15,2.3,238,837.8,0.0,South Africa,Johannesburg,-26.2041,28.0473,22.5,43.0,143.0,88.35000000000001,65.98917335442216,0.10000000000000053,11,3,39.3
2026-08-06 12:00:00,10.6,10.6,8.2,21.4,14,2.7,203,836.9,0.0,South Africa,Johannesburg,-26.2041,28.0473,17.5,30.3,180.7,67.43333333333332,65.08596366857171,2.499999999999999,12,3,44.0
2026-08-06 13:00:00,11.1,11.1,8.5,21.7,13,4.5,187,836.7,0.0,South Africa,Johannesburg,-26.2041,28.0473,10.6,22.5,110.6,39.083333333333336,36.767562696847676,0.3000000000000007,13,3,46.1
2026-08-06 14:00:00,11.4,11.4,9.6,21.4,14,6.5,175,836.6,0.0,South Africa,Johannesburg,-26.2041,28.0473,11.1,17.5,43.0,22.5,12.47124693043765,1.0999999999999996,14,3,49.5
2026-08-06 15:00:00,12.3,12.3,14.4,20.6,15,8.6,164,836.6,0.0,South Africa,Johannesburg,-26.2041,28.0473,11.4,10.6,30.3,17.233333333333334,7.927084373627839,4.800000000000001,15,3,50.2
2026-08-06 16:00:00,28.3,28.3,27.2,18.8,18,9.0,157,836.2,0.0,South Africa,Johannesburg,-26.2041,28.0473,12.3,11.1,22.5,14.233333333333334,4.770604434095667,12.799999999999999,16,3,47.3
2026-08-06 17:00:00,39.3,39.8,43.9,17.4,20,7.3,142,836.3,0.0,South Africa,Johannesburg,-26.2041,28.0473,28.3,11.4,17.5,15.200000000000001,6.895215732661817,16.7,17,3,47.7
2026-08-06 18:00:00,44.0,44.8,55.0,15.8,22,5.9,137,835.8,0.0,South Africa,Johannesburg,-26.2041,28.0473,39.3,12.3,10.6,18.833333333333332,12.116380097480246,11.100000000000001,18,3,52.0
2026-08-06 19:00:00,46.1,47.0,55.8,15.0,24,5.6,132,835.6,0.0,South Africa,Johannesburg,-26.2041,28.0473,44.0,28.3,11.1,24.399999999999995,14.924342531580793,0.7999999999999972,19,3,49.8
2026-08-06 20:00:00,49.5,50.5,51.1,14.3,26,5.1,138,834.9,0.0,South Africa,Johannesburg,-26.2041,28.0473,46.1,39.3,11.4,30.233333333333334,15.51459527885342,-4.699999999999996,20,3,48.8
2026-08-06 21:00:00,50.2,51.1,45.8,13.7,27,5.6,135,834.7,0.0,South Africa,Johannesburg,-26.2041,28.0473,49.5,44.0,12.3,36.583333333333336,13.9863385725723,-5.300000000000004,21,3,50.9
2026-08-06 22:00:00,47.3,47.6,41.3,13.3,28,5.9,133,834.1,0.0,South Africa,Johannesburg,-26.2041,28.0473,50.2,46.1,28.3,42.900000000000006,8.178263874439374,-4.5,22,3,57.2
2026-08-06 23:00:00,47.7,48.1,36.3,13.1,29,7.1,128,834.2,0.0,South Africa,Johannesburg,-26.2041,28.0473,47.3,49.5,39.3,46.06666666666666,4.011317323103255,-5.0,23,3,74.7
2026-08-07 00:00:00,52.0,52.4,38.2,12.6,30,7.3,81,834.4,0.0,South Africa,Johannesburg,-26.2041,28.0473,47.7,50.2,44.0,47.46666666666667,2.2615628814226927,1.9000000000000057,0,4,88.9
2026-08-07 01:00:00,49.8,50.1,34.9,11.3,34,5.7,44,834.2,0.0,South Africa,Johannesburg,-26.2041,28.0473,52.0,47.3,46.1,48.800000000000004,2.1651789764273257,-3.3000000000000043,1,4,65.4
2026-08-07 02:00:00,48.8,49.0,30.6,10.9,36,5.9,55,833.6,0.0,South Africa,Johannesburg,-26.2041,28.0473,49.8,47.7,49.5,49.416666666666664,1.7244322737149902,-4.299999999999997,2,4,44.9
2026-08-07 03:00:00,50.9,51.1,30.1,10.6,38,6.3,53,833.6,0.0,South Africa,Johannesburg,-26.2041,28.0473,48.8,52.0,50.2,49.300000000000004,1.7412639087637252,-0.5,3,4,37.4
2026-08-07 04:00:00,57.2,57.4,38.4,10.3,38,7.1,52,833.9,0.0,South Africa,Johannesburg,-26.2041,28.0473,50.9,49.8,47.3,49.416666666666664,1.8345753368640518,8.299999999999997,4,4,25.7
2026-08-07 05:00:00,74.7,74.7,50.3,10.3,38,7.4,45,834.6,0.0,South Africa,Johannesburg,-26.2041,28.0473,57.2,48.8,47.7,51.06666666666666,3.3643226163123368,11.899999999999999,5,4,22.6
2026-08-07 06:00:00,88.9,89.4,55.2,12.8,33,9.2,31,836.8,0.0,South Africa,Johannesburg,-26.2041,28.0473,74.7,50.9,52.0,55.56666666666666,9.821337315591649,4.900000000000006,6,4,20.7
2026-08-07 07:00:00,65.4,65.7,46.0,15.6,29,9.4,17,838.9,0.0,South Africa,Johannesburg,-26.2041,28.0473,88.9,57.2,49.8,61.71666666666667,16.4544725429482,-9.200000000000003,7,4,21.9
2026-08-07 08:00:00,44.9,45.1,29.8,17.3,25,10.9,8,839.7,0.0,South Africa,Johannesburg,-26.2041,28.0473,65.4,74.7,48.8,64.31666666666666,15.393169480865124,-16.2,8,4,22.8
2026-08-07 09:00:00,37.4,37.5,16.8,18.5,22,10.6,357,840.1,0.0,South Africa,Johannesburg,-26.2041,28.0473,44.9,88.9,50.9,63.666666666666664,16.238554943917798,-13.0,9,4,25.1
2026-08-07 10:00:00,25.7,25.9,10.8,19.6,20,8.3,355,839.9,0.0,South Africa,Johannesburg,-26.2041,28.0473,37.4,65.4,57.2,61.416666666666664,19.052707594109457,-6.0,10,4,43.1
2026-08-07 11:00:00,22.6,22.8,8.0,20.3,19,3.8,357,839.6,0.0,South Africa,Johannesburg,-26.2041,28.0473,25.7,44.9,74.7,56.166666666666664,24.11453227136354,-2.8000000000000007,11,4,60.3
2026-08-07 12:00:00,20.7,20.8,7.3,20.6,19,3.4,354,838.7,0.0,South Africa,Johannesburg,-26.2041,28.0473,22.6,37.4,88.9,47.48333333333333,25.449512110581402,-0.7000000000000002,12,4,73.3
2026-08-07 13:00:00,21.9,22.0,7.8,21.3,17,0.9,11,838.5,0.0,South Africa,Johannesburg,-26.2041,28.0473,20.7,25.7,65.4,36.11666666666667,17.1183429883451,0.5,13,4,80.6
2026-08-07 14:00:00,22.8,22.9,9.3,21.2,16,1.7,58,838.0,0.0,South Africa,Johannesburg,-26.2041,28.0473,21.9,22.6,44.9,28.866666666666664,9.943976401149609,1.5000000000000009,14,4,90.6
2026-08-07 15:00:00,25.1,25.2,15.8,20.4,16,6.0,115,837.3,0.0,South Africa,Johannesburg,-26.2041,28.0473,22.8,20.7,37.4,25.183333333333334,6.208837787107871,6.5,15,4,89.9
2026-08-07 16:00:00,43.1,43.2,32.5,18.3,20,4.4,102,836.9,0.0,South Africa,Johannesburg,-26.2041,28.0473,25.1,21.9,25.7,23.133333333333336,1.9127641429662972,16.7,16,4,72.4
2026-08-07 17:00:00,60.3,60.5,54.3,17.3,24,3.4,74,836.8,0.0,South Africa,Johannesburg,-26.2041,28.0473,43.1,22.8,22.6,26.03333333333333,8.484259936294915,21.799999999999997,17,4,60.3
